"filename","bytes","width","height","sha256","downloaded_at_utc","source"
"captcha_0001.jpg","2367","100","40","eb231f0cc0e3f2b3860c5afc9d97780114173b6cd9818bad12430c0a6f730ac7","2026-09-12T08:24:00.3839935Z","https://ezpost.post.gov.tw/Captcha.ashx"
"captcha_0002.jpg","2265","100","40","c2a77087d259b2632472842284d4935ed59a7d7c03db4f2382db42535362ca41","2026-09-12T08:24:00.6347942Z","https://ezpost.post.gov.tw/Captcha.ashx"
"captcha_0003.jpg","2660","100","40","9ceefcbdcb5cae14ececf53992eda7f7a9a48c10dc7d4578ec3957983e7ad533","2026-09-12T08:24:00.8624515Z","https://ezpost.post.gov.tw/Captcha.ashx"
"captcha_0004.jpg","2761","100","40","d33aa6cb2fe776afcdc52085f8e044a2a555c383d57cb3d20a80cfc5dca098d4","2026-09-12T08:24:01.0801838Z","https://ezpost.post.gov.tw/Captcha.ashx"
"captcha_0005.jpg","2286","100","40","a0882a2ebf241031572a7ce450c22ee163bf2120f2f2cd318ec9fc71a6736d28","2026-09-12T08:24:01.2998859Z","https://ezpost.post.gov.tw/Captcha.ashx"
"captcha_0006.jpg","2322","100","40","2aeba823e215579ab267d411408370882b688dc6665e978fc9c2231c61a6653c","2026-09-12T08:24:01.5169802Z","https://ezpost.post.gov.tw/Captcha.ashx"
"captcha_0007.jpg","2457","100","40","7ad6a931b6dff3790d60a62f5171960a156506a1c2fe264eb2a61641f4cd5097","2026-09-12T08:24:01.7373016Z","https://ezpost.post.gov.tw/Captcha.ashx"
"captcha_0008.jpg","2335","100","40","b994da31d789047e52b4e20c6378b906c8ef8b5f2c1c499e453fc5d9227a56c3","2026-09-12T08:24:01.9525769Z","https://ezpost.post.gov.tw/Captcha.ashx"
"captcha_0009.jpg","2366","100","40","3d4a3901407f83137c6b3d9b6423b331e3c9586e16b359f472ba9e593d88743d","2026-09-12T08:24:02.1731976Z","https://ezpost.post.gov.tw/Captcha.ashx"
"captcha_0010.jpg","2287","100","40","57e9f93d2430939b6a8631189b8aeacced0f39c41cb7f1c0db4d158d7386878f","2026-09-12T08:24:02.3920264Z","https://ezpost.post.gov.tw/Captcha.ashx"
"captcha_0011.jpg","2777","100","40","9a3cb03e3c7eede9f021641e90cd561f81476e3e3d4a71599f5702373db83bc6","2026-09-12T08:24:02.6127082Z","https://ezpost.post.gov.tw/Captcha.ashx"
"captcha_0012.jpg","2943","100","40","c5e186be683974a388c45fa13476ca30c8b6fc4d50ea6c97c8a162ad56bf7be1","2026-09-12T08:24:02.8326615Z","https://ezpost.post.gov.tw/Captcha.ashx"
"captcha_0013.jpg","2586","100","40","d3e79b79dcbbe0a8aed4a17ed3b3354c96d167272506247868bdbc0046e231f5","2026-09-12T08:24:03.0751308Z","https://ezpost.post.gov.tw/Captcha.ashx"
"captcha_0014.jpg","2857","100","40","40908c1f414ca1d9b93f65af2089e2df007b0c7cf10ebdef897b32faffc6fcda","2026-09-12T08:24:03.3069562Z","https://ezpost.post.gov.tw/Captcha.ashx"
"captcha_0015.jpg","2380","100","40","65962a8f6de56ec327dca662410297f5a57a3e2215ab492c7fb33534d921d5b3","2026-09-12T08:24:03.5276564Z","https://ezpost.post.gov.tw/Captcha.ashx"
"captcha_0016.jpg","2350","100","40","dce2f11aa969f7b6fc0ba9f2bb249fbfac52fcd169555e0dabe25290579b32f9","2026-09-12T08:24:03.7575754Z","https://ezpost.post.gov.tw/Captcha.ashx"
"captcha_0017.jpg","2449","100","40","7e8f467b24651abe7463a413e9cc6fb288e84931574a91e4ffc7a4dd521a878d","2026-09-12T08:24:03.9760887Z","https://ezpost.post.gov.tw/Captcha.ashx"
"captcha_0018.jpg","2341","100","40","7cb196e65bc4cb01aee7954c155a86d4db74dc84922e7bb14b5ad1cd4067d126","2026-09-12T08:24:04.2000001Z","https://ezpost.post.gov.tw/Captcha.ashx"
"captcha_0019.jpg","2670","100","40","6286320f2f3db3abd2a4cd2bbf8fd1cffb476e54e3f590dac6a8aabae48ff927","2026-09-12T08:24:04.4304018Z","https://ezpost.post.gov.tw/Captcha.ashx"
"captcha_0020.jpg","2601","100","40","353a80b46451b31f679f4090b027fc256c19cc1a26dc4127501aff2079bee391","2026-09-12T08:24:04.6504574Z","https://ezpost.post.gov.tw/Captcha.ashx"
"captcha_0021.jpg","2644","100","40","b8ac1b2a6b06ba3f609cdea23bf0bda7cac5344b52baa6e00f2df295f3d70083","2026-09-12T08:24:04.8678964Z","https://ezpost.post.gov.tw/Captcha.ashx"
"captcha_0022.jpg","2954","100","40","1bc6ee77893776f53dd4e9e6facfed4bb20c9546b3f8c2e37d73e1347ef6d408","2026-09-12T08:24:05.0871427Z","https://ezpost.post.gov.tw/Captcha.ashx"
"captcha_0023.jpg","2374","100","40","e282bb334487a1f3b9113503a5d3d1e4254c9d76edb7acf183974b9abe325975","2026-09-12T08:24:05.3120678Z","https://ezpost.post.gov.tw/Captcha.ashx"
"captcha_0024.jpg","2530","100","40","7d247ad033b467fdc4ca1cb563d4f55bbdba1f5d51bed4ea3398dfc8c34fad90","2026-09-12T08:24:05.5291033Z","https://ezpost.post.gov.tw/Captcha.ashx"
"captcha_0025.jpg","2486","100","40","e837c0be3e53d9e2295874bdea986479ad2e44be4daffbf099a388abfc8a81c9","2026-09-12T08:24:05.7463925Z","https://ezpost.post.gov.tw/Captcha.ashx"
"captcha_0026.jpg","2357","100","40","1729cdb2ec3c6aa7131ea16d30eb68472f6b255e40f06c78c8a70f6800b1454f","2026-09-12T08:24:05.9806268Z","https://ezpost.post.gov.tw/Captcha.ashx"
"captcha_0027.jpg","2560","100","40","d9662faf9135fbe7519439b34fff88669db2ed98c47c269245112986efa87a1f","2026-09-12T08:24:06.2081327Z","https://ezpost.post.gov.tw/Captcha.ashx"
"captcha_0028.jpg","2355","100","40","5ff8c075a8876b564ac34a63553270aef5ca86af77352871b49b37d8c0ed617c","2026-09-12T08:24:06.4328295Z","https://ezpost.post.gov.tw/Captcha.ashx"
"captcha_0029.jpg","2362","100","40","9a5320728ac441f0defe4168f6a14b8b3afa3e47605a8e5d4a0f6ed93a6f18de","2026-09-12T08:24:06.6684077Z","https://ezpost.post.gov.tw/Captcha.ashx"
"captcha_0030.jpg","2245","100","40","93c093e296b1c7d0a6e8b730bc151c0b22ed769d55f65980f3575aa8aa651e01","2026-09-12T08:24:06.8983363Z","https://ezpost.post.gov.tw/Captcha.ashx"
"captcha_0031.jpg","2467","100","40","2405a08834f65a72110e29abe1a079f911ff3a33ce85ab15eaef5059fa9ce425","2026-09-12T08:24:07.1207313Z","https://ezpost.post.gov.tw/Captcha.ashx"
"captcha_0032.jpg","2321","100","40","3ac711fc039090023ce446df8ec1675348a9979e99bc9dc3174718a56177b99c","2026-09-12T08:24:07.3465564Z","https://ezpost.post.gov.tw/Captcha.ashx"
"captcha_0033.jpg","2577","100","40","028ee5b9eb7ac8a2c25f8e4372eab123e3068fd8a5f7b79d835befff75796444","2026-09-12T08:24:07.5750519Z","https://ezpost.post.gov.tw/Captcha.ashx"
"captcha_0034.jpg","2402","100","40","28baa11e83f5679d61afb46ce89312d0afe585c3d47924aa0b20834117ce4040","2026-09-12T08:24:07.8125064Z","https://ezpost.post.gov.tw/Captcha.ashx"
"captcha_0035.jpg","2551","100","40","e07b0f6039643d08ea6db5ae0ffaac06c963b88af6bf78029503af001081c088","2026-09-12T08:24:08.0337385Z","https://ezpost.post.gov.tw/Captcha.ashx"
"captcha_0036.jpg","2290","100","40","ff2484619b2afd10f6ed22a840059643ef1adca61cef56ff5db9bad5c2ee8ff9","2026-09-12T08:24:08.2553287Z","https://ezpost.post.gov.tw/Captcha.ashx"
"captcha_0037.jpg","2401","100","40","bb00ee93a670985afa6f72f9f0d858698badeef7660ea1cd205e3c913a681a39","2026-09-12T08:24:08.4731245Z","https://ezpost.post.gov.tw/Captcha.ashx"
"captcha_0038.jpg","2405","100","40","2c6eb693dfadad1d2b0660b2b45ab2b5a1d1e1d6f0bfd2c59adac66016608f2d","2026-09-12T08:24:08.6871665Z","https://ezpost.post.gov.tw/Captcha.ashx"
"captcha_0039.jpg","2368","100","40","a2efd067fba32d6e6d2eb80ecbf224fd11afad79fc6b420707a171a42d1793e4","2026-09-12T08:24:08.9208729Z","https://ezpost.post.gov.tw/Captcha.ashx"
"captcha_0040.jpg","2276","100","40","34e6b2c4158289043e29b8195de05523bffe506fcb84311ceecca47d2d45a13f","2026-09-12T08:24:09.1614260Z","https://ezpost.post.gov.tw/Captcha.ashx"
"captcha_0041.jpg","2319","100","40","0501b0e4d3c2a9d6a66c2a65b134d97ec02e4095785b2297ba846852b10d7836","2026-09-12T08:24:09.3827692Z","https://ezpost.post.gov.tw/Captcha.ashx"
"captcha_0042.jpg","2256","100","40","ca7e05f22851c233b48d887739fa4e2f3e7b850c70a1128bb18efeb175f6afc8","2026-09-12T08:24:09.6037550Z","https://ezpost.post.gov.tw/Captcha.ashx"
"captcha_0043.jpg","2339","100","40","408140b686ca59a7ad959120ffdc7ba99de212e9429eaabdbd2e57d885d3da99","2026-09-12T08:24:09.8560958Z","https://ezpost.post.gov.tw/Captcha.ashx"
"captcha_0044.jpg","2492","100","40","194ae5b5dce5b60be8d59c0af12d10b9d0f5b571fe22d1dc0df1d2114e4ecff6","2026-09-12T08:24:10.0706376Z","https://ezpost.post.gov.tw/Captcha.ashx"
"captcha_0045.jpg","2535","100","40","8af16bf15bfaf6799edc0c152a149f486b2e69831d6e3dd337adcf9acc095c5b","2026-09-12T08:24:10.2942574Z","https://ezpost.post.gov.tw/Captcha.ashx"
"captcha_0046.jpg","2336","100","40","3f7f475350089bab20750349559f9aa501f07cc49fd1b0550c930cc8d5fec320","2026-09-12T08:24:10.5192727Z","https://ezpost.post.gov.tw/Captcha.ashx"
"captcha_0047.jpg","2368","100","40","dbde6827d3332b94df22308262f9263907fe0955fbb4c8b621e381bb65cec6b0","2026-09-12T08:24:10.7385354Z","https://ezpost.post.gov.tw/Captcha.ashx"
"captcha_0048.jpg","2347","100","40","d211c5a3b08cbd345f90814ac3c89e9350f22ba8c18aa8716ce9bcf028c265f7","2026-09-12T08:24:10.9724413Z","https://ezpost.post.gov.tw/Captcha.ashx"
"captcha_0049.jpg","2249","100","40","e2763ef07f25fa9f417650fc4213b973d09514f3c7e8049f2a88984c69b32b12","2026-09-12T08:24:11.1888534Z","https://ezpost.post.gov.tw/Captcha.ashx"
"captcha_0050.jpg","2483","100","40","958ca39a236a6039e36290fd8c5e0e23a36ac1f73c69e065468f8d3c22173a04","2026-09-12T08:24:11.4045862Z","https://ezpost.post.gov.tw/Captcha.ashx"
"captcha_0051.jpg","2285","100","40","bd6bd861bb37ef63b3f70fa0c1cc4d632b0cd454c7c0ac1c4e5d0b87b87a8475","2026-09-12T08:24:11.6242416Z","https://ezpost.post.gov.tw/Captcha.ashx"
"captcha_0052.jpg","2299","100","40","37e10bbc5e091e05c5e727f865c1f94391e5acc5b46e1b28322396843eb1a5b2","2026-09-12T08:24:11.8419920Z","https://ezpost.post.gov.tw/Captcha.ashx"
"captcha_0053.jpg","2795","100","40","f86d0d427586ef338f05b332f168bdfd5d2fa0975118db68d0846aa49c84a8fb","2026-09-12T08:24:12.0649576Z","https://ezpost.post.gov.tw/Captcha.ashx"
"captcha_0054.jpg","2323","100","40","520958733a757a642091a56358858bfa7417277aa9405df2abeab880c6d17031","2026-09-12T08:24:12.2853914Z","https://ezpost.post.gov.tw/Captcha.ashx"
"captcha_0055.jpg","2567","100","40","bd750d4a0cfc6d4ad178ed184616e2cc611a45424eb3eb3c3f52f6dd48536a57","2026-09-12T08:24:12.5028750Z","https://ezpost.post.gov.tw/Captcha.ashx"
"captcha_0056.jpg","2236","100","40","52c6aa9425bf4c8fe9d0387d76aad2000b76f3d477723a27f28899791716f0ec","2026-09-12T08:24:12.7333426Z","https://ezpost.post.gov.tw/Captcha.ashx"
"captcha_0057.jpg","2802","100","40","6174e0271d55170f7dc3f2de42b193b9282b4c9da4313e6e5068e775172790e5","2026-09-12T08:24:12.9735406Z","https://ezpost.post.gov.tw/Captcha.ashx"
"captcha_0058.jpg","2311","100","40","cf06e3b4d447fba330212df14c32c7644bc99f8f567846c26bc9012e7e23a015","2026-09-12T08:24:13.2076921Z","https://ezpost.post.gov.tw/Captcha.ashx"
"captcha_0059.jpg","2329","100","40","269a9f4b63522f1091a71907bdcdc872585e2abff3c919dbf0495791afeb07a6","2026-09-12T08:24:13.4290896Z","https://ezpost.post.gov.tw/Captcha.ashx"
"captcha_0060.jpg","2863","100","40","dbd3d2ee644578e5cd8f457c9f2193b774d4c5c6ffcd01de373668f59f61bd15","2026-09-12T08:24:13.6481202Z","https://ezpost.post.gov.tw/Captcha.ashx"
"captcha_0061.jpg","2306","100","40","65f2642690752df0ef00bb9039f84a257a7398a2d8fa0d57e8be4ec4ed97a99e","2026-09-12T08:24:13.8621646Z","https://ezpost.post.gov.tw/Captcha.ashx"
"captcha_0062.jpg","2336","100","40","c9d9628c316110baa475ddd7c21ef1ff4d969abf17a1401af37ecbeaef12505b","2026-09-12T08:24:14.0825800Z","https://ezpost.post.gov.tw/Captcha.ashx"
"captcha_0063.jpg","2415","100","40","9ad09873260e434e18fec4b725727c45d1356b3e1edc06a3fa02c7b93e4872b3","2026-09-12T08:24:14.3031910Z","https://ezpost.post.gov.tw/Captcha.ashx"
"captcha_0064.jpg","2378","100","40","11cb74e52e1e5b106732bde2848b4c5d2f6f399c3874d8eea796e1f453f74a7a","2026-09-12T08:24:14.5354035Z","https://ezpost.post.gov.tw/Captcha.ashx"
"captcha_0065.jpg","2445","100","40","99fcdab3a0fe4f14056869ad71eb1f12f84d041a2479b66cd346ca40c5b85854","2026-09-12T08:24:14.9031281Z","https://ezpost.post.gov.tw/Captcha.ashx"
"captcha_0066.jpg","2297","100","40","f2d0affb35c6407cae064b6caa67687c0f42ed82e8b6bc7a02ef36e7fe5c006c","2026-09-12T08:24:15.1353005Z","https://ezpost.post.gov.tw/Captcha.ashx"
"captcha_0067.jpg","2327","100","40","a15d8c106ffe8168b666719bea0bcbb2611e2acc4f9b7ca0b8faab91a355bf35","2026-09-12T08:24:15.3664377Z","https://ezpost.post.gov.tw/Captcha.ashx"
"captcha_0068.jpg","2564","100","40","2bf52cfdb85d1fed37e16d2ffccfecbb32034bb2239d4461953e46faf5e9f567","2026-09-12T08:24:15.5971602Z","https://ezpost.post.gov.tw/Captcha.ashx"
"captcha_0069.jpg","2541","100","40","be07e7f181e9eb0ddb6ae29cd40c0afa1e1c81cbae48e86dcfe0cd121dd73cd9","2026-09-12T08:24:15.8249089Z","https://ezpost.post.gov.tw/Captcha.ashx"
"captcha_0070.jpg","2363","100","40","8cecede9b8f6d750449c629b42676fad933caaae417f58f5ca51a37ec0eaefe8","2026-09-12T08:24:16.0431623Z","https://ezpost.post.gov.tw/Captcha.ashx"
"captcha_0071.jpg","2529","100","40","a12b41be135ae9a07bb145f9f3235e8abc01bb890811cfbc183ab51af53d64f8","2026-09-12T08:24:16.2730504Z","https://ezpost.post.gov.tw/Captcha.ashx"
"captcha_0072.jpg","2423","100","40","15728d3238695e1d30b3f1d8653dbb996aa4c804a92680f412f171200e214f47","2026-09-12T08:24:16.4908272Z","https://ezpost.post.gov.tw/Captcha.ashx"
"captcha_0073.jpg","2685","100","40","c724740304850592d3ae8add69d4d1251b43b650376a11a6e2f2fe7a440f147a","2026-09-12T08:24:16.7070766Z","https://ezpost.post.gov.tw/Captcha.ashx"
"captcha_0074.jpg","2809","100","40","20429276d0a51da37bf3d4d7ebd072b90cd20a3184e9d965a4da01fc0807387f","2026-09-12T08:24:16.9258914Z","https://ezpost.post.gov.tw/Captcha.ashx"
"captcha_0075.jpg","2367","100","40","1264306d2ab7dcf34af209de713b924154f56a76036c4aa8e2703aee3e6d9ddf","2026-09-12T08:24:17.1543071Z","https://ezpost.post.gov.tw/Captcha.ashx"
"captcha_0076.jpg","2763","100","40","77f6cc48936908491ed9aaea4afeda22db0852dec298fdb2d9eecd3d43e77c66","2026-09-12T08:24:17.3866039Z","https://ezpost.post.gov.tw/Captcha.ashx"
"captcha_0077.jpg","2244","100","40","533c59daa4b73ee0bd23aa08c3b5db659dd81fd6b3773927dc4ea8b3c0a8c350","2026-09-12T08:24:17.6237433Z","https://ezpost.post.gov.tw/Captcha.ashx"
"captcha_0078.jpg","2312","100","40","58b32674737ba3da850981ece00275a15cf05f110a3e2d800bb0223b41d515e0","2026-09-12T08:24:17.8548922Z","https://ezpost.post.gov.tw/Captcha.ashx"
"captcha_0079.jpg","2311","100","40","b8ec74b3ec5561d50b13a258d115a5b664cbba2bfcefaa37a3f570f00e5a0da4","2026-09-12T08:24:18.0832201Z","https://ezpost.post.gov.tw/Captcha.ashx"
"captcha_0080.jpg","2615","100","40","f6808535cd0ce80b575599cf9120a06a9be5cf074a59433b036d85703f6fd416","2026-09-12T08:24:18.3043639Z","https://ezpost.post.gov.tw/Captcha.ashx"
"captcha_0081.jpg","2485","100","40","ba762cfbd85a1f2ca4bb3f4b865f2e1243aedfbe305594add6e04a621c8f042e","2026-09-12T08:24:18.5892928Z","https://ezpost.post.gov.tw/Captcha.ashx"
"captcha_0082.jpg","2574","100","40","3d8a3a51c5eff8966495a5cabdcdc94061b5682a22ffdb2a833ba6ceb6af0fdd","2026-09-12T08:24:18.8376822Z","https://ezpost.post.gov.tw/Captcha.ashx"
"captcha_0083.jpg","2387","100","40","2d0b5aa4c7befcf4ca3ddeef50e57f9f2193543b1975b868afb0521b4b1bd351","2026-09-12T08:24:19.0695539Z","https://ezpost.post.gov.tw/Captcha.ashx"
"captcha_0084.jpg","2402","100","40","0f544f11deafadc7160c204d580f0d00e3cbaa5578e4599f753467cb5e891b2a","2026-09-12T08:24:19.3007830Z","https://ezpost.post.gov.tw/Captcha.ashx"
"captcha_0085.jpg","2638","100","40","3456587b08382c35a360c66716633a4ab1ee4bb9a1b24111eaa16ee5f8ebd299","2026-09-12T08:24:19.5339579Z","https://ezpost.post.gov.tw/Captcha.ashx"
"captcha_0086.jpg","2432","100","40","7b05b7af1de9c9179e375dae41ed8c8982cad5898cbea8cafb8914d634facd1c","2026-09-12T08:24:19.7645728Z","https://ezpost.post.gov.tw/Captcha.ashx"
"captcha_0087.jpg","2817","100","40","37b950793a18271cfb2255b8c7799fb680ee30c56c25ece91172d9d7fe411510","2026-09-12T08:24:19.9941063Z","https://ezpost.post.gov.tw/Captcha.ashx"
"captcha_0088.jpg","2450","100","40","3df1b8016a48b43ce8300c07ec9dc9e3133e17e9b8c11f002656f26d7529a296","2026-09-12T08:24:20.2143452Z","https://ezpost.post.gov.tw/Captcha.ashx"
"captcha_0089.jpg","2445","100","40","636659540dcedb588cdb14dd98c9cf22773754c7e77f7126bd2d02b68f7c39e0","2026-09-12T08:24:20.4494205Z","https://ezpost.post.gov.tw/Captcha.ashx"
"captcha_0090.jpg","2978","100","40","00590362d15e6051eada819097be0dca62338056fa9c0dd78b4ac829ae0fcba2","2026-09-12T08:24:20.6801321Z","https://ezpost.post.gov.tw/Captcha.ashx"
"captcha_0091.jpg","2442","100","40","d96e02f7f615f37e60d5046abaeb5dd4c1a9c05fe00b3950816d4c0577117913","2026-09-12T08:24:20.8945150Z","https://ezpost.post.gov.tw/Captcha.ashx"
"captcha_0092.jpg","2509","100","40","5c76646736b6273ce56341671b80197e4dbd7fa5eb8f00fa149d876a0d53d9b3","2026-09-12T08:24:21.1155707Z","https://ezpost.post.gov.tw/Captcha.ashx"
"captcha_0093.jpg","3031","100","40","227115608c31a30dbbc13ee6aa809fbb45d180333c894bcc7ded65e8111ec4b0","2026-09-12T08:24:21.3460503Z","https://ezpost.post.gov.tw/Captcha.ashx"
"captcha_0094.jpg","2462","100","40","5800bae8b102eee2ffc20bbbf584e5ab97d88d69bd137ff419cac7190ffa0c6e","2026-09-12T08:24:21.6027351Z","https://ezpost.post.gov.tw/Captcha.ashx"
"captcha_0095.jpg","2264","100","40","3154d5b5b1db55e6bbc1d605a613f91706a261a3aa5d69255998ce39b346614c","2026-09-12T08:24:21.8301485Z","https://ezpost.post.gov.tw/Captcha.ashx"
"captcha_0096.jpg","2359","100","40","16b30e78d2efd204de85d7eff3ac388f5037987ac2385df52f026aeb450c6714","2026-09-12T08:24:22.0508423Z","https://ezpost.post.gov.tw/Captcha.ashx"
"captcha_0097.jpg","2434","100","40","a769c3a1cd03ab792ba7a604e6e53db6ff7b50d92ecdafc175c54c80516c25df","2026-09-12T08:24:22.2687833Z","https://ezpost.post.gov.tw/Captcha.ashx"
"captcha_0098.jpg","2529","100","40","dc74695bbfda099306234982a4f631c6aa80220060ae4b825943c7005c26723c","2026-09-12T08:24:22.4934222Z","https://ezpost.post.gov.tw/Captcha.ashx"
"captcha_0099.jpg","2399","100","40","86a274499f44ca1a614450c0e1bf21166b30f14d3dae50f5ec3c3506af84992c","2026-09-12T08:24:22.7095983Z","https://ezpost.post.gov.tw/Captcha.ashx"
"captcha_0100.jpg","2450","100","40","af36a35a3538c61e42fa4fdeda9ef7f281d81d26bb6cfbe431bd94763ca14267","2026-09-12T08:24:22.9253278Z","https://ezpost.post.gov.tw/Captcha.ashx"
"captcha_0101.jpg","2407","100","40","b4591f5341974af4d746d15335893838badd3529cbca88e180ae360df701e453","2026-09-12T08:24:23.1636847Z","https://ezpost.post.gov.tw/Captcha.ashx"
"captcha_0102.jpg","2394","100","40","41ade0d5a8bf239aab349e96c5b022a01270eeb978f1af3cd2f89d00b04f53e9","2026-09-12T08:24:23.4000426Z","https://ezpost.post.gov.tw/Captcha.ashx"
"captcha_0103.jpg","2412","100","40","dc045569c5554d5c358e715f06b679eefa1654827fcfd445457cef6c70abdc90","2026-09-12T08:24:23.6201108Z","https://ezpost.post.gov.tw/Captcha.ashx"
"captcha_0104.jpg","2302","100","40","8f266fa63450f75e9c487d607b936b203f75babe29389d2ffae1d3ff58512ace","2026-09-12T08:24:23.8551576Z","https://ezpost.post.gov.tw/Captcha.ashx"
"captcha_0105.jpg","2377","100","40","7f05459da8857cc5ae946287bbe11241071f97a9df151bbe5bec97fd1dd9bf0f","2026-09-12T08:24:24.1049226Z","https://ezpost.post.gov.tw/Captcha.ashx"
"captcha_0106.jpg","2604","100","40","08d41e863ace94a28c095564f74062021c11248e3dd02b0cd8a3d23ccc7e5004","2026-09-12T08:24:24.3367763Z","https://ezpost.post.gov.tw/Captcha.ashx"
"captcha_0107.jpg","2634","100","40","2f5c445f06cd145b96b782de033ed1567c1b8dcdb1007bd688d3ab70a34a78d4","2026-09-12T08:24:24.5532797Z","https://ezpost.post.gov.tw/Captcha.ashx"
"captcha_0108.jpg","2485","100","40","c30f3ecfd91753fb6f810df94ba896bfa7ed4710b221b4c409dd07dc0fb140d2","2026-09-12T08:24:24.7749970Z","https://ezpost.post.gov.tw/Captcha.ashx"
"captcha_0109.jpg","2381","100","40","ff6b75630271d0de301d89adc82a49e8b2e68294322cb80db6502537240d32fe","2026-09-12T08:24:25.0053661Z","https://ezpost.post.gov.tw/Captcha.ashx"
"captcha_0110.jpg","2850","100","40","df2f6d7a95db268a3e2c590c11a95461f520264dd2831ae395ce716d2e446eed","2026-09-12T08:24:25.2233045Z","https://ezpost.post.gov.tw/Captcha.ashx"
"captcha_0111.jpg","2807","100","40","5836473979f8f8291ccb1cfed746149d79982a15c76c6263625b2000eef0a8e9","2026-09-12T08:24:25.4405693Z","https://ezpost.post.gov.tw/Captcha.ashx"
"captcha_0112.jpg","2391","100","40","9f3eccd363d7d12029bcda29cb88060cfdc0f04b844ae7469b722cb12e650849","2026-09-12T08:24:25.6566642Z","https://ezpost.post.gov.tw/Captcha.ashx"
"captcha_0113.jpg","2921","100","40","d878914fc696462c5ed7dd3ee1b28d2b5472a36350dde74834e8e3d92a869b55","2026-09-12T08:24:25.8769911Z","https://ezpost.post.gov.tw/Captcha.ashx"
"captcha_0114.jpg","2469","100","40","33f0a4ee234651e261aa82e000a6cc7865a7310318fde39293bedf7856a1b7cd","2026-09-12T08:24:26.0958032Z","https://ezpost.post.gov.tw/Captcha.ashx"
"captcha_0115.jpg","2650","100","40","3aec83549fd9563d255238fb3f1d4941bd8bb46ca0a874f0fd0ea7b3bfe023b5","2026-09-12T08:24:26.3280648Z","https://ezpost.post.gov.tw/Captcha.ashx"
"captcha_0116.jpg","2342","100","40","ecf68e72368405f67c878e7611a3eb677e22a11a6d7392555f2051745c98ab7d","2026-09-12T08:24:26.5585357Z","https://ezpost.post.gov.tw/Captcha.ashx"
"captcha_0117.jpg","2391","100","40","66fe63438ea74927dd65ce6a1c6d3b9adbbe515d52f3be0b96e023e6a559251b","2026-09-12T08:24:26.7774588Z","https://ezpost.post.gov.tw/Captcha.ashx"
"captcha_0118.jpg","2264","100","40","67e2771c6256d99c00266cca0f34479fdab204a633b1766f3a83db562aab7aa9","2026-09-12T08:24:27.0015107Z","https://ezpost.post.gov.tw/Captcha.ashx"
"captcha_0119.jpg","2678","100","40","2b98be65281d38cdd3f0b678ed9ce7eea629fd29369374752718335236bf14fd","2026-09-12T08:24:27.2398802Z","https://ezpost.post.gov.tw/Captcha.ashx"
"captcha_0120.jpg","2475","100","40","e675b50ec5dbb6ec176db3f3a824594b705baf09ddcc09e0b3c3004951b5fa36","2026-09-12T08:24:27.4663408Z","https://ezpost.post.gov.tw/Captcha.ashx"
"captcha_0121.jpg","2459","100","40","9665a77babf5fc5d9de382a1b0776897c1f7e0772b4a5debde3971f7656708e3","2026-09-12T08:24:27.6860583Z","https://ezpost.post.gov.tw/Captcha.ashx"
"captcha_0122.jpg","2386","100","40","6ba0e1545aa7a6b7d755a9d673d9acf0a1f2faca045a42e6bf8892561b447c92","2026-09-12T08:24:27.9016804Z","https://ezpost.post.gov.tw/Captcha.ashx"
"captcha_0123.jpg","2864","100","40","2efe868fc6273613d1ee1de6e7362a5e578db82b8f713fa0250949a84c411b59","2026-09-12T08:24:28.1360333Z","https://ezpost.post.gov.tw/Captcha.ashx"
"captcha_0124.jpg","2994","100","40","8b971da92a54790ee3c740761680623ae2223589ef6604416cfb62cbcb7d624d","2026-09-12T08:24:28.3710565Z","https://ezpost.post.gov.tw/Captcha.ashx"
"captcha_0125.jpg","2367","100","40","aad2d26add8af9f5eeccbc7b037d21bf4f276845d514be04bedd7d453610b971","2026-09-12T08:24:28.5907382Z","https://ezpost.post.gov.tw/Captcha.ashx"
"captcha_0126.jpg","2350","100","40","cb6e68a5b056471e5b153c1436a92ce9278136ffb0e45b5b6f504ba38180cf34","2026-09-12T08:24:28.8229915Z","https://ezpost.post.gov.tw/Captcha.ashx"
"captcha_0127.jpg","2801","100","40","ece2bba7094b3196762fe0e5b484f3c6dc5ccf0189abc55dd3c239dfad946f4e","2026-09-12T08:24:29.0451687Z","https://ezpost.post.gov.tw/Captcha.ashx"
"captcha_0128.jpg","2411","100","40","697f68cb40c4ca70ddeb3fa35f6ddeeb35e0d32ccb37470e783cffa4251855f1","2026-09-12T08:24:29.2751387Z","https://ezpost.post.gov.tw/Captcha.ashx"
"captcha_0129.jpg","2423","100","40","316107ad5aaeba7ac47e09db95e8825d60517aef07ab5d001efdfaff98eeeaa1","2026-09-12T08:24:29.4967281Z","https://ezpost.post.gov.tw/Captcha.ashx"
"captcha_0130.jpg","2311","100","40","4f1253fb27b9c3b105d2ca3bfa4041cde3fe2a7c229ed579590b54d7dba3dea8","2026-09-12T08:24:29.7179359Z","https://ezpost.post.gov.tw/Captcha.ashx"
"captcha_0131.jpg","2560","100","40","cf40b29355016c50284f720a6e7dce2f5ff8d683ebba094920e01897f976e5c4","2026-09-12T08:24:29.9537569Z","https://ezpost.post.gov.tw/Captcha.ashx"
"captcha_0132.jpg","2645","100","40","024fdeda60a6e22c65d2b404393bc46ee0bddcf854acf09dd00a273b648a8890","2026-09-12T08:24:30.1803012Z","https://ezpost.post.gov.tw/Captcha.ashx"
"captcha_0133.jpg","2788","100","40","215c69aa7cf0dd94e32b2b9d8f6783f2d56304f75a693104dc7f9c02981bec4d","2026-09-12T08:24:30.4018739Z","https://ezpost.post.gov.tw/Captcha.ashx"
"captcha_0134.jpg","2384","100","40","28209d50d154fbd60ef7a182834e5e9cb1ee5e8224faff5618dd7dc67a276817","2026-09-12T08:24:30.6362761Z","https://ezpost.post.gov.tw/Captcha.ashx"
"captcha_0135.jpg","2315","100","40","180dfded964e4ea90a862462c5550bc8d3f575e53b2a242c21ce5a6dc3451f78","2026-09-12T08:24:30.8693062Z","https://ezpost.post.gov.tw/Captcha.ashx"
"captcha_0136.jpg","2843","100","40","1604fdad90f257f655d425930ee1fad32300908450461eb959bfde4f549f63c9","2026-09-12T08:24:31.1028739Z","https://ezpost.post.gov.tw/Captcha.ashx"
"captcha_0137.jpg","2404","100","40","c1dd14c7f8e16c7be5a5daf580f1fc8f79ae1627d9962d51f11be43188a8dbb4","2026-09-12T08:24:31.3262652Z","https://ezpost.post.gov.tw/Captcha.ashx"
"captcha_0138.jpg","2320","100","40","d2f2718ba203e02b0b3f9047edd44bf1c2dff4950045b18833a45974efc3867f","2026-09-12T08:24:31.5607375Z","https://ezpost.post.gov.tw/Captcha.ashx"
"captcha_0139.jpg","2617","100","40","66cac78c5ba4145a001344753822a25be144f4e55a0f93031933981c2da00ce0","2026-09-12T08:24:31.7896850Z","https://ezpost.post.gov.tw/Captcha.ashx"
"captcha_0140.jpg","2232","100","40","11433411a30b0babac9843134540fa0536d4af87dae9c8742dc6468d53dc2da5","2026-09-12T08:24:32.0091494Z","https://ezpost.post.gov.tw/Captcha.ashx"
"captcha_0141.jpg","2333","100","40","179fd91e39f3e6885c0aaf4674f8103a55ef677ba76f127b12901ba47a4e3cde","2026-09-12T08:24:32.2295537Z","https://ezpost.post.gov.tw/Captcha.ashx"
"captcha_0142.jpg","2517","100","40","a1a1dbdc002ed8e9b01589278bea09f96cf7a86c724485c1946a14c825014719","2026-09-12T08:24:32.4622949Z","https://ezpost.post.gov.tw/Captcha.ashx"
"captcha_0143.jpg","2329","100","40","28496466ee966b7cb02d3d5328609a937130fd780cc983d6ecec8db237843394","2026-09-12T08:24:32.6927174Z","https://ezpost.post.gov.tw/Captcha.ashx"
"captcha_0144.jpg","2920","100","40","f6b933b455ad5f702ffc4e4a69eb19b68b201d00e556ba6b9492ce58b6ec6463","2026-09-12T08:24:32.9264785Z","https://ezpost.post.gov.tw/Captcha.ashx"
"captcha_0145.jpg","2290","100","40","87401c2fe5d0f8ff059a54ecbfce43c9893c748abdd517ad6bd1d86bdfa596ec","2026-09-12T08:24:33.1525507Z","https://ezpost.post.gov.tw/Captcha.ashx"
"captcha_0146.jpg","2301","100","40","2188b57d4fcf88ef2526dd0bf7d8476943e73b5c0c46e12eb26596d3fec5749f","2026-09-12T08:24:33.3774081Z","https://ezpost.post.gov.tw/Captcha.ashx"
"captcha_0147.jpg","2779","100","40","b6253fee907ff3dacc3a44acf9ee41a6edf3b7f23e01537b42c8dfa43697c7de","2026-09-12T08:24:33.6106423Z","https://ezpost.post.gov.tw/Captcha.ashx"
"captcha_0148.jpg","2349","100","40","4b387e2ac762fe9ccef9c5b5610b597f2b8df4950f960f8f3faa06621f7d4bc0","2026-09-12T08:24:33.8318224Z","https://ezpost.post.gov.tw/Captcha.ashx"
"captcha_0149.jpg","2360","100","40","a9359304d68bb74d870f70fb7329b463b9c61d4a746346e93f76b8093a63128c","2026-09-12T08:24:34.0531201Z","https://ezpost.post.gov.tw/Captcha.ashx"
"captcha_0150.jpg","2528","100","40","d982b3e8aa5e0193cd1e6554c8e47308d52499b8f0bc75aea4e8d8645bf248d6","2026-09-12T08:24:34.2827155Z","https://ezpost.post.gov.tw/Captcha.ashx"
"captcha_0151.jpg","2634","100","40","c05ac7b69df4a257f5c37a768800c359061dea3284970b7222e6553a0c123836","2026-09-12T08:24:34.4954654Z","https://ezpost.post.gov.tw/Captcha.ashx"
"captcha_0152.jpg","2824","100","40","82c456462ef549445f8511aad2d90b1448bc430801d0d8776cc95ae40c345692","2026-09-12T08:24:34.7156026Z","https://ezpost.post.gov.tw/Captcha.ashx"
"captcha_0153.jpg","2391","100","40","91c6438278c56e00cf1ad17613f3e8934a421904fad083454dfae0fd62627a80","2026-09-12T08:24:34.9395705Z","https://ezpost.post.gov.tw/Captcha.ashx"
"captcha_0154.jpg","2323","100","40","f75f31432881cb6aeb59bdfca4b197be0a5acdb9a04d13b92c6aa48f313598da","2026-09-12T08:24:35.1619596Z","https://ezpost.post.gov.tw/Captcha.ashx"
"captcha_0155.jpg","2553","100","40","9815cfc3bb15c2ed3cfe13902574925c5fdc8a2634f81614f12cbd564a438510","2026-09-12T08:24:35.3850327Z","https://ezpost.post.gov.tw/Captcha.ashx"
"captcha_0156.jpg","2359","100","40","1da7c24a572a170391964000cf969f236af848b0c088bb82a2f9d239d61238bb","2026-09-12T08:24:35.6031643Z","https://ezpost.post.gov.tw/Captcha.ashx"
"captcha_0157.jpg","2436","100","40","92c3e101e5df44dd3f7786676779884333cca85d7d5ce7f1d40ce4e846d07872","2026-09-12T08:24:35.8267104Z","https://ezpost.post.gov.tw/Captcha.ashx"
"captcha_0158.jpg","2463","100","40","422530c582593fa837b30531111d3f7d93598ce02f30657c7ce2b78730766d3f","2026-09-12T08:24:36.0510664Z","https://ezpost.post.gov.tw/Captcha.ashx"
"captcha_0159.jpg","2338","100","40","db5537cc45a4cf4fa63c400585a87f5bd696df855e790c44eb111e734302d9cf","2026-09-12T08:24:36.2731164Z","https://ezpost.post.gov.tw/Captcha.ashx"
"captcha_0160.jpg","2368","100","40","4b2232b211b59766e1682ba72481d343b2cbe983bbc011942d26839995ce2b35","2026-09-12T08:24:36.4938400Z","https://ezpost.post.gov.tw/Captcha.ashx"
"captcha_0161.jpg","2864","100","40","7c2038a46fd3cb4b362ab7ed444d9745967205364b1714021ddf3d1456b5fb9f","2026-09-12T08:24:36.7112715Z","https://ezpost.post.gov.tw/Captcha.ashx"
"captcha_0162.jpg","2336","100","40","28b6054413ce65d90e6f2d5221bef94a8adcdadcd8a3f0283bea093669b6364d","2026-09-12T08:24:36.9281653Z","https://ezpost.post.gov.tw/Captcha.ashx"
"captcha_0163.jpg","2430","100","40","f56a56d60810f8feb6f26fbaba7eb5cb772493a404b9606e70917625f38e7d00","2026-09-12T08:24:37.1562283Z","https://ezpost.post.gov.tw/Captcha.ashx"
"captcha_0164.jpg","2398","100","40","d34388f80d9bdfdfac1a36048f6214cd662aac382a651b2b21e977dc066513f7","2026-09-12T08:24:37.3788895Z","https://ezpost.post.gov.tw/Captcha.ashx"
"captcha_0165.jpg","2414","100","40","630ebabae263c30a40f411a2880b98b649e9df470baec5429b3eb286f3416262","2026-09-12T08:24:37.6050219Z","https://ezpost.post.gov.tw/Captcha.ashx"
"captcha_0166.jpg","2330","100","40","85485843c6bb9ff1e8a0d1f2973bf910430d27ce62eecc47cf1a597a83281fcf","2026-09-12T08:24:37.8260094Z","https://ezpost.post.gov.tw/Captcha.ashx"
"captcha_0167.jpg","2294","100","40","cfb97363f186f00a56835c51838c9ffb789b30fc858564b13efcba5cb5ea8e73","2026-09-12T08:24:38.0500247Z","https://ezpost.post.gov.tw/Captcha.ashx"
"captcha_0168.jpg","2532","100","40","9c7388d6156b54a5d6441b07030c53877f900ac60ec62f7fa4e120a261c38911","2026-09-12T08:24:38.2742971Z","https://ezpost.post.gov.tw/Captcha.ashx"
"captcha_0169.jpg","2363","100","40","53713211e00c0d58bc670514657a18bf0c82cbb85be0c543c1432023488146c0","2026-09-12T08:24:38.4753930Z","https://ezpost.post.gov.tw/Captcha.ashx"
"captcha_0170.jpg","2477","100","40","aca5f829961542051e69092ca6c9633b5109d997adf318d70e93766cbf1e5259","2026-09-12T08:24:38.7044346Z","https://ezpost.post.gov.tw/Captcha.ashx"
"captcha_0171.jpg","2401","100","40","ace65067f3d8375b01cfc4d198e1f3800e5f010521b27c32c32ff4b7416ba3b2","2026-09-12T08:24:38.9349588Z","https://ezpost.post.gov.tw/Captcha.ashx"
"captcha_0172.jpg","2438","100","40","065cb9486c0bbb01b1b5bb024c4506b8f14c569b6f7349f71bf9e885c6fbc406","2026-09-12T08:24:39.1588051Z","https://ezpost.post.gov.tw/Captcha.ashx"
"captcha_0173.jpg","2341","100","40","9afba62aebfd5c1c4e98bb3b36fba0da68b87803d30a5c41384ad8b1f5facac0","2026-09-12T08:24:39.3843813Z","https://ezpost.post.gov.tw/Captcha.ashx"
"captcha_0174.jpg","2881","100","40","104bba45dcce67605c8c0b034932d814babd98687633590d94183eb4dbad1049","2026-09-12T08:24:39.6047874Z","https://ezpost.post.gov.tw/Captcha.ashx"
"captcha_0175.jpg","2336","100","40","e4cb195769f55bdb86f5eeeed92de3ce845b4b92cd155c4749537776c2b9cf6c","2026-09-12T08:24:39.8155753Z","https://ezpost.post.gov.tw/Captcha.ashx"
"captcha_0176.jpg","2574","100","40","cc89ec2b7a204dbfafcb24649d98a8787321042be105b567fa9dbead00857d91","2026-09-12T08:24:40.0337020Z","https://ezpost.post.gov.tw/Captcha.ashx"
"captcha_0177.jpg","2327","100","40","b08bb907b74544ce3fdca4a43c151b471d5587545b572564ee054c03b4789d13","2026-09-12T08:24:40.2560874Z","https://ezpost.post.gov.tw/Captcha.ashx"
"captcha_0178.jpg","2590","100","40","56a2d74888fa4e4e3e2f62d402f58c80d3ea3dee39c009e14b96d4b51853d1af","2026-09-12T08:24:40.4659431Z","https://ezpost.post.gov.tw/Captcha.ashx"
"captcha_0179.jpg","2570","100","40","73648c30da89809176bfbaeb372398b715ed20de5fb938e389a927b584bcf32b","2026-09-12T08:24:40.6886709Z","https://ezpost.post.gov.tw/Captcha.ashx"
"captcha_0180.jpg","2356","100","40","f5391e0349f51c0d2f4bc25e679d259953a5bcd49845790eaac039babd08c6cd","2026-09-12T08:24:40.9040563Z","https://ezpost.post.gov.tw/Captcha.ashx"
"captcha_0181.jpg","3042","100","40","6e2ffc44bbc54c0ae9acead8d54fa21921879077ee3d442ec0d6b0d6e2c37e76","2026-09-12T08:24:41.1196819Z","https://ezpost.post.gov.tw/Captcha.ashx"
"captcha_0182.jpg","2288","100","40","febf80fbbffbfe1e7318004cbd65f9a21d85c255a06336b173c7330b24dd2dd7","2026-09-12T08:24:41.3343873Z","https://ezpost.post.gov.tw/Captcha.ashx"
"captcha_0183.jpg","2946","100","40","ff25b9ce23ff2466dd011cec3e4c16f5fd18227113b0ef2b827d5fac03e6a01a","2026-09-12T08:24:41.5417566Z","https://ezpost.post.gov.tw/Captcha.ashx"
"captcha_0184.jpg","2421","100","40","fde95c9b229ff6ff4160ebf13b07911828b7cc4fdb497cd5202a44017e96d0bc","2026-09-12T08:24:41.7615022Z","https://ezpost.post.gov.tw/Captcha.ashx"
"captcha_0185.jpg","2357","100","40","72e7514b23a38fb8148fee59bcb35200aad04415f47bb47749586b01e9a12583","2026-09-12T08:24:41.9685122Z","https://ezpost.post.gov.tw/Captcha.ashx"
"captcha_0186.jpg","2877","100","40","5eb348404836bf03e6acea0aa83ebd5231445d335b9b981ff8c0c9200593ee73","2026-09-12T08:24:42.1889762Z","https://ezpost.post.gov.tw/Captcha.ashx"
"captcha_0187.jpg","2403","100","40","15ca6bd6525b49ab4b8c1b716573bd894e6f38646873e8d5e0b02b9579132c32","2026-09-12T08:24:42.4077065Z","https://ezpost.post.gov.tw/Captcha.ashx"
"captcha_0188.jpg","2964","100","40","411453338a742d17df23f87fefa8531b5ec29570add9434ca41ffc5e552f6c30","2026-09-12T08:24:42.6237349Z","https://ezpost.post.gov.tw/Captcha.ashx"
"captcha_0189.jpg","2757","100","40","45ac07f874bb6fdc6252719066feb045acf3be5fb704eb0d559b40f0135dbff6","2026-09-12T08:24:42.8439827Z","https://ezpost.post.gov.tw/Captcha.ashx"
"captcha_0190.jpg","2358","100","40","cdd6c3e0a8e1d9d8b87a8ca9d1c9bd031df15e9a4fbfe83ba491d7e13edb7748","2026-09-12T08:24:43.0622082Z","https://ezpost.post.gov.tw/Captcha.ashx"
"captcha_0191.jpg","2352","100","40","34057d62e579b000c7155deda3764d121d3ca914e3ae642ac70899dec9d51b3e","2026-09-12T08:24:43.2830815Z","https://ezpost.post.gov.tw/Captcha.ashx"
"captcha_0192.jpg","2823","100","40","00248490b38c3d1b875cea4eabd6ff069844d106816d41ae8660f85e71fedd14","2026-09-12T08:24:43.5110102Z","https://ezpost.post.gov.tw/Captcha.ashx"
"captcha_0193.jpg","2273","100","40","067a4e2d573bfd5ff40a6ad099d12101ef03c032e0b5cbe20cbec50ee29b1dca","2026-09-12T08:24:43.7314189Z","https://ezpost.post.gov.tw/Captcha.ashx"
"captcha_0194.jpg","2273","100","40","5c671d0e339a2c97f9577d7f3b117515f9e20f6995b149068e76ba5a2a9c278a","2026-09-12T08:24:43.9626826Z","https://ezpost.post.gov.tw/Captcha.ashx"
"captcha_0195.jpg","2377","100","40","5e18ed1983cbda2c99d2c5a09352019408ed8ed6bf29b5b5de9cdcbb2f13fcad","2026-09-12T08:24:44.1783180Z","https://ezpost.post.gov.tw/Captcha.ashx"
"captcha_0196.jpg","2970","100","40","2dc5c15acb4e7b452547a338060ab28d088cf72cf991b5bc9602e07f9dec2fd1","2026-09-12T08:24:44.3935301Z","https://ezpost.post.gov.tw/Captcha.ashx"
"captcha_0197.jpg","2316","100","40","553ec4a34758b6b2a91231c7ac29383922a8008041eaac560af3fa8e38119f01","2026-09-12T08:24:44.6139161Z","https://ezpost.post.gov.tw/Captcha.ashx"
"captcha_0198.jpg","2413","100","40","5a87b70f56512c51ce0a37d3e0d840bcd8def51e8942a14e11154a249f8a79d1","2026-09-12T08:24:44.8323371Z","https://ezpost.post.gov.tw/Captcha.ashx"
"captcha_0199.jpg","2346","100","40","4f0e069912ab6dcbd03b6c059321d257b11e9763ca000d9952c24e1aa55aac27","2026-09-12T08:24:45.0504975Z","https://ezpost.post.gov.tw/Captcha.ashx"
"captcha_0200.jpg","2315","100","40","65a1e2f6cb53ac61d79bdb3caddb0dd034baf38f543282f617ff6b9cf8801fba","2026-09-12T08:24:45.2675108Z","https://ezpost.post.gov.tw/Captcha.ashx"
"captcha_0201.jpg","2373","100","40","ba29cb829f11cd12df7985763c89b39fc14fd0ea8b03d73fabd0490abdbf46b9","2026-09-12T08:24:45.5032524Z","https://ezpost.post.gov.tw/Captcha.ashx"
"captcha_0202.jpg","2687","100","40","104393a2584d4e428769568c33cf48b00925372b219a9dd57d273f90480204db","2026-09-12T08:24:45.7224857Z","https://ezpost.post.gov.tw/Captcha.ashx"
"captcha_0203.jpg","2319","100","40","8e5c4031064b84c888a4c58ad076881788157be43a15d6f7f38353f7c8dbaef2","2026-09-12T08:24:45.9510448Z","https://ezpost.post.gov.tw/Captcha.ashx"
"captcha_0204.jpg","2659","100","40","fca7b0ff151e995a36f8ec6bc1a3388e68c5f30c8198f6a58776ea0d55de092f","2026-09-12T08:24:46.1851238Z","https://ezpost.post.gov.tw/Captcha.ashx"
"captcha_0205.jpg","2372","100","40","a5bec2a3225e282325b466fa69c723195d0909d3c961d0a90de8959bc5ce6468","2026-09-12T08:24:46.4049925Z","https://ezpost.post.gov.tw/Captcha.ashx"
"captcha_0206.jpg","2268","100","40","bb048e42f67af59da2bea442ef581289951eb463b59aedee247fc3c2093de63b","2026-09-12T08:24:46.6380530Z","https://ezpost.post.gov.tw/Captcha.ashx"
"captcha_0207.jpg","2320","100","40","d94688f71ff9f92dd2d80b0ba2234632bc89717cd9e924c6b6dafc50dee0cb74","2026-09-12T08:24:46.8712321Z","https://ezpost.post.gov.tw/Captcha.ashx"
"captcha_0208.jpg","2466","100","40","e6b74c25552b97f546326ccf3ee8b9260b0810d8e27205317146ba075a51e4ef","2026-09-12T08:24:47.0979768Z","https://ezpost.post.gov.tw/Captcha.ashx"
"captcha_0209.jpg","2623","100","40","d575655445ad6c9c9ffe9cd5d95f1faee538354e49a125507f30897e3cc22aab","2026-09-12T08:24:47.3182521Z","https://ezpost.post.gov.tw/Captcha.ashx"
"captcha_0210.jpg","2336","100","40","d8a878a670034025a7073e15c5a1dd8cb7d89da79d2e77086debdf2b3c876cb6","2026-09-12T08:24:47.5393048Z","https://ezpost.post.gov.tw/Captcha.ashx"
"captcha_0211.jpg","2395","100","40","3520373ca40e0cd11d244624c4d8fdd5a6cbacb7f07d8d8ae76be031ba2b00f1","2026-09-12T08:24:47.7703276Z","https://ezpost.post.gov.tw/Captcha.ashx"
"captcha_0212.jpg","2806","100","40","f69782c42f2e174a0c23a6ebf32e9339140dd8c72a6dd4676c7aa39896e47510","2026-09-12T08:24:47.9906790Z","https://ezpost.post.gov.tw/Captcha.ashx"
"captcha_0213.jpg","2354","100","40","a168cbb6f02758f4f1af2cdb045da328dd2493cfbf7cb6bef1425b0c4261aae1","2026-09-12T08:24:48.2118568Z","https://ezpost.post.gov.tw/Captcha.ashx"
"captcha_0214.jpg","2524","100","40","f1ba8d2f7657957e0c532392fc376e9d43594d904f48757a1b3e5410d7b1f39c","2026-09-12T08:24:48.4452048Z","https://ezpost.post.gov.tw/Captcha.ashx"
"captcha_0215.jpg","2342","100","40","d4552c1da6e434517ba2181a0ebbedfc818e8fa3d5268d77585707bcd3180687","2026-09-12T08:24:48.6603876Z","https://ezpost.post.gov.tw/Captcha.ashx"
"captcha_0216.jpg","2382","100","40","d88f51dabdd52b3160640792d41b8d7f92dc36a4df5849322bc55ad2d4e5cbcb","2026-09-12T08:24:48.8787452Z","https://ezpost.post.gov.tw/Captcha.ashx"
"captcha_0217.jpg","2262","100","40","666f2bdd0abaae8c735253380f09b758b2ab970e5978dc45fc6fe7d70f18feb4","2026-09-12T08:24:49.0989710Z","https://ezpost.post.gov.tw/Captcha.ashx"
"captcha_0218.jpg","2320","100","40","361b75b40ec860935a12ee1af43a890de648f894447ec486931405e3a6592098","2026-09-12T08:24:49.3300127Z","https://ezpost.post.gov.tw/Captcha.ashx"
"captcha_0219.jpg","2761","100","40","cccc093767649b7c76a2200e3de9d4268b44a77ecac82499ef60da626680aa3f","2026-09-12T08:24:49.5481835Z","https://ezpost.post.gov.tw/Captcha.ashx"
"captcha_0220.jpg","2585","100","40","825706edf90777ee4416b5fc8de83fbff45cd90d85f017eb4466d395fc754c51","2026-09-12T08:24:49.7672659Z","https://ezpost.post.gov.tw/Captcha.ashx"
"captcha_0221.jpg","2440","100","40","5ed0f057bef2b54472f0e84920157bf74ea89287623caf55c039a4a0732c03f1","2026-09-12T08:24:49.9838681Z","https://ezpost.post.gov.tw/Captcha.ashx"
"captcha_0222.jpg","2286","100","40","274676bd270b4c8c2ac5e82f8b1e14243835c5389df58ffed0698924404cfead","2026-09-12T08:24:50.2057001Z","https://ezpost.post.gov.tw/Captcha.ashx"
"captcha_0223.jpg","2303","100","40","5ee4a0dcd81683bc8695f1b903af5c7ce4548f3ae253671844f60ab4589aed88","2026-09-12T08:24:50.4239350Z","https://ezpost.post.gov.tw/Captcha.ashx"
"captcha_0224.jpg","2478","100","40","c935bf9e21be4b98a617db3bb1988c95e1f0ae7e1b434f47e40e80276a1d8779","2026-09-12T08:24:50.6455447Z","https://ezpost.post.gov.tw/Captcha.ashx"
"captcha_0225.jpg","2470","100","40","03131af316edc110f1afa5650c42fcdf96ecadb4d602ab953f782aa64f6bb443","2026-09-12T08:24:50.8678375Z","https://ezpost.post.gov.tw/Captcha.ashx"
"captcha_0226.jpg","2785","100","40","665fa2fe60049d27b432251d93bd7f349efec0d851f04de5dd5cf5f71ac08657","2026-09-12T08:24:51.1063706Z","https://ezpost.post.gov.tw/Captcha.ashx"
"captcha_0227.jpg","2491","100","40","549845e5908fcc80d4751b3ac0bcb1872df08340a74955b2a64c2445ece7459c","2026-09-12T08:24:51.3359859Z","https://ezpost.post.gov.tw/Captcha.ashx"
"captcha_0228.jpg","2259","100","40","a10942ca2a89c08bc76f9a119058a55dc22035bdc95b532d737f71d17f3c6a06","2026-09-12T08:24:51.5726569Z","https://ezpost.post.gov.tw/Captcha.ashx"
"captcha_0229.jpg","2339","100","40","ef9585dfcdb64afc148cc1c2fff5fe0956c204e89b262d1a27c4d18d895e3d38","2026-09-12T08:24:51.8046256Z","https://ezpost.post.gov.tw/Captcha.ashx"
"captcha_0230.jpg","2611","100","40","014695c9c616ce87db0a1be8d5c17c6d5faaac4705c6f2f405d9d473745b96b6","2026-09-12T08:24:52.0253119Z","https://ezpost.post.gov.tw/Captcha.ashx"
"captcha_0231.jpg","2337","100","40","a38076d3738a354947c54c97292cf5e898630b6deca2718af1e3afca256bf66b","2026-09-12T08:24:52.2581370Z","https://ezpost.post.gov.tw/Captcha.ashx"
"captcha_0232.jpg","2610","100","40","772a6649e182cc12f01b9c4794ee103e21e968eb7fabc0bf34d49e8ade3c7caa","2026-09-12T08:24:52.4888043Z","https://ezpost.post.gov.tw/Captcha.ashx"
"captcha_0233.jpg","2523","100","40","31e0773b7169666dbe2fbe586bf450de958f819e31cdccbf1f15f4061eee6dc9","2026-09-12T08:24:52.7057233Z","https://ezpost.post.gov.tw/Captcha.ashx"
"captcha_0234.jpg","2356","100","40","b3c78ca877d8a10097ebb1f5b169a7da14981109c6284aaa16766f3bcd1d239d","2026-09-12T08:24:52.9292812Z","https://ezpost.post.gov.tw/Captcha.ashx"
"captcha_0235.jpg","2274","100","40","15c8443a06b98f3b63e9c881a67ec578badd3b23a052757aee838b6a11c2d2b6","2026-09-12T08:24:53.1452159Z","https://ezpost.post.gov.tw/Captcha.ashx"
"captcha_0236.jpg","2276","100","40","e3c4fee84cd4aa4ef1b54c4bb5d921272e9f59515c5b12ac01dc1bf3054c57d7","2026-09-12T08:24:53.3762095Z","https://ezpost.post.gov.tw/Captcha.ashx"
"captcha_0237.jpg","2525","100","40","5a27ebb9d5dbc56e1afebb8990ff789351beb07e72fb7a5f7a1318fb9476f9c9","2026-09-12T08:24:53.5990510Z","https://ezpost.post.gov.tw/Captcha.ashx"
"captcha_0238.jpg","2457","100","40","eaa77de79767e321ccd922b97937f3394d157c41428a00892eaa40e9adf879f7","2026-09-12T08:24:53.8275099Z","https://ezpost.post.gov.tw/Captcha.ashx"
"captcha_0239.jpg","2477","100","40","598451fa98cc655cccfbfccb8639f9faba8d21dcb05df69862fd96de47191434","2026-09-12T08:24:54.0458662Z","https://ezpost.post.gov.tw/Captcha.ashx"
"captcha_0240.jpg","2634","100","40","8a1e7fd5567739ccf6deebc859c678ba4a3a0831c0e277003df8beda1f4853e1","2026-09-12T08:24:54.2664514Z","https://ezpost.post.gov.tw/Captcha.ashx"
"captcha_0241.jpg","2614","100","40","32a0aa95fe45903523a9b17344e5723ae1e4d016a89bd2654d1dfe4f1d4145c6","2026-09-12T08:24:54.4909925Z","https://ezpost.post.gov.tw/Captcha.ashx"
"captcha_0242.jpg","2486","100","40","0e0962e26c68c8a70fd15ee04c26c17edc0c3606f32548a4f22afb1e6694df95","2026-09-12T08:24:54.7133036Z","https://ezpost.post.gov.tw/Captcha.ashx"
"captcha_0243.jpg","2307","100","40","8a8b549e1873b60d45aa39ce202a566ff7c71f418b66a5e0ed3b6f5af5e208a1","2026-09-12T08:24:54.9387191Z","https://ezpost.post.gov.tw/Captcha.ashx"
"captcha_0244.jpg","2533","100","40","299c379617725428a9ee2eea3d48dcf78b5868cc6c9d930a22f7bb68ccd6a177","2026-09-12T08:24:55.1622286Z","https://ezpost.post.gov.tw/Captcha.ashx"
"captcha_0245.jpg","2431","100","40","12391ba2c8df5c06acdda68ee031e8b59198dc8692016575858588e1910c8935","2026-09-12T08:24:55.3894411Z","https://ezpost.post.gov.tw/Captcha.ashx"
"captcha_0246.jpg","2586","100","40","05c529270facc2a0bc48dde7330c9174bbd17308195013c7fbf7af4ed7cc4031","2026-09-12T08:24:55.6190511Z","https://ezpost.post.gov.tw/Captcha.ashx"
"captcha_0247.jpg","2289","100","40","570fef8023b6dbf6a7c81ad134c7f40e80771b059e46c6a8caacbe4f6844586a","2026-09-12T08:24:55.8430318Z","https://ezpost.post.gov.tw/Captcha.ashx"
"captcha_0248.jpg","2256","100","40","b5dc2682d6a59fca3ea097cf67b0dd92f99cbaf0f71d30c096cd10e90af99401","2026-09-12T08:24:56.0686725Z","https://ezpost.post.gov.tw/Captcha.ashx"
"captcha_0249.jpg","2661","100","40","1b420fdf3fbf1c3fab1315c61a33ef0dea40fd864dfc3b329cfe59556307a7e1","2026-09-12T08:24:56.2906182Z","https://ezpost.post.gov.tw/Captcha.ashx"
"captcha_0250.jpg","2332","100","40","8c5bdb27a2f13eaac801994e9dc1df7bd4fa5a9aeae828eab140c2def147050b","2026-09-12T08:24:56.5240664Z","https://ezpost.post.gov.tw/Captcha.ashx"
"captcha_0251.jpg","2740","100","40","a9bf540081d8fe3573301644c212b1d92cb71b179fba7939770e1e40caa9dc68","2026-09-12T08:24:56.7487177Z","https://ezpost.post.gov.tw/Captcha.ashx"
"captcha_0252.jpg","2394","100","40","d449f436d30f2a6925a9c2b6afaf78c4f338a454bb616e2c61108d6f3b67f289","2026-09-12T08:24:56.9771833Z","https://ezpost.post.gov.tw/Captcha.ashx"
"captcha_0253.jpg","3036","100","40","96d2c9d64e0eb2f9dea5ec9fe209f6f5a59077229397187a766ccc6498a65dbb","2026-09-12T08:24:57.2093133Z","https://ezpost.post.gov.tw/Captcha.ashx"
"captcha_0254.jpg","2282","100","40","306515525bf2e3975bdd71d21bc6a3ef12a1c59c7202af40891282457454ce2a","2026-09-12T08:24:57.4289924Z","https://ezpost.post.gov.tw/Captcha.ashx"
"captcha_0255.jpg","2372","100","40","82ec4de859678ff72167a7dae594bcf2b6ef38176e037cd24653f60be45ac79d","2026-09-12T08:24:57.6521745Z","https://ezpost.post.gov.tw/Captcha.ashx"
"captcha_0256.jpg","2402","100","40","84cad6ddbb14f04b3b733bc2c77a542cf3f0b436d13368c8e12267d936a3a33b","2026-09-12T08:24:57.8660620Z","https://ezpost.post.gov.tw/Captcha.ashx"
"captcha_0257.jpg","2652","100","40","1a9bb3f38bc5fe83f43a51690fa9ed500f97f258b34536ddbd7c407971261127","2026-09-12T08:24:58.0795060Z","https://ezpost.post.gov.tw/Captcha.ashx"
"captcha_0258.jpg","2502","100","40","d0b7c821771c3c3f8486f3ad4405a83bd3ca388e0694a65e7eeea57f61ddc7cb","2026-09-12T08:24:58.3030530Z","https://ezpost.post.gov.tw/Captcha.ashx"
"captcha_0259.jpg","2479","100","40","b3d62bc13fdf0bc4f21441156a8729980d18d5b69da2fd45e5509b3a428dc66d","2026-09-12T08:24:58.5221048Z","https://ezpost.post.gov.tw/Captcha.ashx"
"captcha_0260.jpg","2862","100","40","d55ce0462b503955a67c02a2af767b1490570b70445a4c2fdf06d11d46aa2a2a","2026-09-12T08:24:58.7456155Z","https://ezpost.post.gov.tw/Captcha.ashx"
"captcha_0261.jpg","2298","100","40","6401f815a1f42ad0542f0b0eb8cd8532f6448c9ee8237d7286472bb4cc4230e1","2026-09-12T08:24:58.9707463Z","https://ezpost.post.gov.tw/Captcha.ashx"
"captcha_0262.jpg","2305","100","40","8cc69f22c248d172a09b9917b3fd544accd8f8ae4567f685128e36aeca10b236","2026-09-12T08:24:59.1907756Z","https://ezpost.post.gov.tw/Captcha.ashx"
"captcha_0263.jpg","2452","100","40","40e2ad93a4278538b13ef0bbc0a184c900da6a2e83a9f86dbd0eddb103799880","2026-09-12T08:24:59.4140046Z","https://ezpost.post.gov.tw/Captcha.ashx"
"captcha_0264.jpg","2551","100","40","764bdf94ee3b3423cd8e2355f9f887b5079309a82cb9ace5e8b7ca32bdf0eb13","2026-09-12T08:24:59.6348345Z","https://ezpost.post.gov.tw/Captcha.ashx"
"captcha_0265.jpg","2277","100","40","7c540a3950ac4909a940fb427bcd3a82aed5ae6e73d402fb5a933c1f5d6ae023","2026-09-12T08:24:59.8586283Z","https://ezpost.post.gov.tw/Captcha.ashx"
"captcha_0266.jpg","2943","100","40","effd52e3a1434e9da78fdff6b7a048483d45db8427e4fc482afb487749e21fde","2026-09-12T08:25:00.0846831Z","https://ezpost.post.gov.tw/Captcha.ashx"
"captcha_0267.jpg","2389","100","40","3b6330e7c646424d6cd02db7626b9b2eac2f3f3f22e670d07c613b47fe143429","2026-09-12T08:25:00.3047901Z","https://ezpost.post.gov.tw/Captcha.ashx"
"captcha_0268.jpg","2355","100","40","bb36b8e44fce62aa2555eb71e45cb8eb66e3b1128880dde7781b24c92946aaa9","2026-09-12T08:25:00.5336073Z","https://ezpost.post.gov.tw/Captcha.ashx"
"captcha_0269.jpg","2334","100","40","aa73d14c8ca5eb389726dcbf58ae3c1738ec329bb6f1bff6ab0b4f846568175a","2026-09-12T08:25:00.7657710Z","https://ezpost.post.gov.tw/Captcha.ashx"
"captcha_0270.jpg","2526","100","40","55721d5cd88dc937560f2eb5527fbe8b33000e1d346f1d13234c614909fe32a5","2026-09-12T08:25:00.9907553Z","https://ezpost.post.gov.tw/Captcha.ashx"
"captcha_0271.jpg","2499","100","40","a26c45cb3c4ea675d878d50f65c8321a2f68915c22c0f9a113809be77fac2c01","2026-09-12T08:25:01.2094674Z","https://ezpost.post.gov.tw/Captcha.ashx"
"captcha_0272.jpg","2565","100","40","22a8e31b90cbc50fedd9ba7a1189966c3b06c822f4a1810124178bc86706c44b","2026-09-12T08:25:01.4280419Z","https://ezpost.post.gov.tw/Captcha.ashx"
"captcha_0273.jpg","2311","100","40","6b4a55046ccbcedcea8a31d358b5d851c4c4f4b46111dda8eb8a8afb07d5bb4f","2026-09-12T08:25:01.6516581Z","https://ezpost.post.gov.tw/Captcha.ashx"
"captcha_0274.jpg","2422","100","40","5454d31910d56a1448ccaf23670c7be4196b53b27cea81f6c2cdab48ef538746","2026-09-12T08:25:01.8773158Z","https://ezpost.post.gov.tw/Captcha.ashx"
"captcha_0275.jpg","2314","100","40","dbe1cfdebce81539b5cffa679db4fee5c0eea1174c39890ec3e7ae844e0c9bcf","2026-09-12T08:25:02.0997581Z","https://ezpost.post.gov.tw/Captcha.ashx"
"captcha_0276.jpg","2302","100","40","66f913b85359b005654a30f2534817e013987b0d926c17027b6ed9a210a73814","2026-09-12T08:25:02.3388018Z","https://ezpost.post.gov.tw/Captcha.ashx"
"captcha_0277.jpg","2345","100","40","8a66b6c8375ddfd9dc681148e11c2520f227cc66e556842bbdad0e1ba6464443","2026-09-12T08:25:02.5722084Z","https://ezpost.post.gov.tw/Captcha.ashx"
"captcha_0278.jpg","2382","100","40","998de688f86ba55a57dd9ddd8aec47c0d6dd734c3a9a6e969a1fc81cb364f7f4","2026-09-12T08:25:02.7966780Z","https://ezpost.post.gov.tw/Captcha.ashx"
"captcha_0279.jpg","2558","100","40","7a02604041e648db874532c9854fe4b41f1fc7e8f9b0501485a64269a27a07eb","2026-09-12T08:25:03.0212057Z","https://ezpost.post.gov.tw/Captcha.ashx"
"captcha_0280.jpg","2699","100","40","cb8b86280b496c9eb9e24393485bf1ad5636a65aaaf607265868e42d5b0efc00","2026-09-12T08:25:03.2449119Z","https://ezpost.post.gov.tw/Captcha.ashx"
"captcha_0281.jpg","2494","100","40","d3f9af0581d92068cca7a98b2929d5d46f65fc67ad03fd5862cfaf360db0a1ea","2026-09-12T08:25:03.4595534Z","https://ezpost.post.gov.tw/Captcha.ashx"
"captcha_0282.jpg","2480","100","40","ba769880ccde2e58f23dd26a7205d878fa183b841fda5b5623698335f661d0fd","2026-09-12T08:25:03.6837826Z","https://ezpost.post.gov.tw/Captcha.ashx"
"captcha_0283.jpg","2616","100","40","d7f388f87bc354b05f78341cbf23fea97a07ee7fb40767c130ebd5f3339b719a","2026-09-12T08:25:03.9070130Z","https://ezpost.post.gov.tw/Captcha.ashx"
"captcha_0284.jpg","2357","100","40","22d616ad55d623c96c3df8a765c192207ea08548bdfd034f1b5f156f8c9fcc0b","2026-09-12T08:25:04.1321014Z","https://ezpost.post.gov.tw/Captcha.ashx"
"captcha_0285.jpg","2567","100","40","ed4c969d66087c5cc8239362ff2841d2976ad86bb656ecbc7704adc64be845f3","2026-09-12T08:25:04.3553435Z","https://ezpost.post.gov.tw/Captcha.ashx"
"captcha_0286.jpg","2412","100","40","35a57f92b6e8c357f4b369ec95d85c6ef1e12f9ce05509d403a97553c4287411","2026-09-12T08:25:04.5740032Z","https://ezpost.post.gov.tw/Captcha.ashx"
"captcha_0287.jpg","2342","100","40","fb08f915925a2379f2c894bc870ff5f5c45d430a88a3f0b17e061e31774d99a7","2026-09-12T08:25:04.7973582Z","https://ezpost.post.gov.tw/Captcha.ashx"
"captcha_0288.jpg","2979","100","40","8bcb8a3975a0a714868445ae3b67b0d9af0fa5e8202d816b6995e5f65b845119","2026-09-12T08:25:05.0198257Z","https://ezpost.post.gov.tw/Captcha.ashx"
"captcha_0289.jpg","2989","100","40","45159ba4880a1888b8f0aa1040243cfacb34e3614f46cdbb236d8107754abe80","2026-09-12T08:25:05.2410762Z","https://ezpost.post.gov.tw/Captcha.ashx"
"captcha_0290.jpg","2274","100","40","1b4edf92e6c551c4c1ddf11bb2eae48f3c3c56a66898dd3270490e06ca6b9f8e","2026-09-12T08:25:05.4614259Z","https://ezpost.post.gov.tw/Captcha.ashx"
"captcha_0291.jpg","2628","100","40","aebdb7a40510438cbcbf4363ba94f5ffedd2fa5f5d008f877783f5b0cbd5d0c7","2026-09-12T08:25:05.6866205Z","https://ezpost.post.gov.tw/Captcha.ashx"
"captcha_0292.jpg","2323","100","40","9964ccbb3326fe073925aca7de82b079ad2ea1a6c842b3d8990227b43c6f8c1f","2026-09-12T08:25:05.9118626Z","https://ezpost.post.gov.tw/Captcha.ashx"
"captcha_0293.jpg","2817","100","40","69efa8c0a3c22c9db13f157c8f9dcd06f975bb8a81537bf4606cbea0789a03ad","2026-09-12T08:25:06.1367468Z","https://ezpost.post.gov.tw/Captcha.ashx"
"captcha_0294.jpg","2298","100","40","0783b9eef02e7ac177f84cce597d67fc524814f74b33f751da24ad032f332e22","2026-09-12T08:25:06.3596530Z","https://ezpost.post.gov.tw/Captcha.ashx"
"captcha_0295.jpg","2318","100","40","9f0fd5fb98855fd054b889bee3b5806c2e245f8c2cff056ac388faee2b0526eb","2026-09-12T08:25:06.5888312Z","https://ezpost.post.gov.tw/Captcha.ashx"
"captcha_0296.jpg","3023","100","40","92b0b21eb6560b632b91f8bbcd4585f8fdc9af52191efe1ec3dd6d92c0dfaa80","2026-09-12T08:25:06.8130828Z","https://ezpost.post.gov.tw/Captcha.ashx"
"captcha_0297.jpg","2365","100","40","120003143c65914c397ae3ac8e05518dcc2f2bbde88e4b91e8e990f01a4db4e1","2026-09-12T08:25:07.0249772Z","https://ezpost.post.gov.tw/Captcha.ashx"
"captcha_0298.jpg","2863","100","40","8739cd2d308fbd75588a6e35b49778c094982b0b2e5e1b83e443c2f9e137f7ad","2026-09-12T08:25:07.2404732Z","https://ezpost.post.gov.tw/Captcha.ashx"
"captcha_0299.jpg","2526","100","40","69f33decd99912c492c125db5f49755cc2979a6e17c92f9d43f0737bf1fb61af","2026-09-12T08:25:07.4522515Z","https://ezpost.post.gov.tw/Captcha.ashx"
"captcha_0300.jpg","2307","100","40","ae90615d075b3cd9eab0af8eab8824ef43e89ce07ae3ab6289ee8ca5a9e655cb","2026-09-12T08:25:07.6814866Z","https://ezpost.post.gov.tw/Captcha.ashx"
"captcha_0301.jpg","2252","100","40","6be599114ea114bb53929f66bab3601e1708d0dadf559a8301643a6cdba5dbe4","2026-09-12T08:25:07.9025688Z","https://ezpost.post.gov.tw/Captcha.ashx"
"captcha_0302.jpg","2311","100","40","2525d0c65b886211ab4ad628dd62ebc0ee3de062b6f17dd6cd032640ea70af51","2026-09-12T08:25:08.1236877Z","https://ezpost.post.gov.tw/Captcha.ashx"
"captcha_0303.jpg","2575","100","40","8cd3e8bae4a044be1c7122077491c626f7194d98ebe8baa473e933b361f71260","2026-09-12T08:25:08.3513680Z","https://ezpost.post.gov.tw/Captcha.ashx"
"captcha_0304.jpg","2452","100","40","c3f0cca3d44ae895bbc9f8fed54812a9ec90f56619cfb37fd22d0eb3a50e85b9","2026-09-12T08:25:08.5736191Z","https://ezpost.post.gov.tw/Captcha.ashx"
"captcha_0305.jpg","3043","100","40","c1575001fa78003a20f9755077caebc0077c0062e75519a6f817c0981ed7349a","2026-09-12T08:25:08.7984359Z","https://ezpost.post.gov.tw/Captcha.ashx"
"captcha_0306.jpg","2790","100","40","4ddcbd9e1106c91aa4ecfe2afe1638c39223e8496adb91899cc91d8d5f4c1b17","2026-09-12T08:25:09.0228902Z","https://ezpost.post.gov.tw/Captcha.ashx"
"captcha_0307.jpg","2746","100","40","3f19cb449889f7eeeb549031247c89eb99028de2240b8d1e06c811468038eedd","2026-09-12T08:25:09.2445024Z","https://ezpost.post.gov.tw/Captcha.ashx"
"captcha_0308.jpg","2405","100","40","61de8a8e3a7e40d84f74d6a48b93c391779b9ac2e7dfd5c506d2c5d4aa3469c4","2026-09-12T08:25:09.4778714Z","https://ezpost.post.gov.tw/Captcha.ashx"
"captcha_0309.jpg","2314","100","40","eef541cc67fa24b8a5cdd75c4ba897daf01f79b8ce92198a238b591a29909677","2026-09-12T08:25:09.6995061Z","https://ezpost.post.gov.tw/Captcha.ashx"
"captcha_0310.jpg","2246","100","40","9b19cc4526585967e61bb6ce502def3ee51c8225dfc4eb68cc9662fc59185888","2026-09-12T08:25:09.9116965Z","https://ezpost.post.gov.tw/Captcha.ashx"
"captcha_0311.jpg","2485","100","40","08ada9e267c366a1dd2d2d251404d38a1da4ff464c4a10d8b4f291532ba8d2ae","2026-09-12T08:25:10.1309752Z","https://ezpost.post.gov.tw/Captcha.ashx"
"captcha_0312.jpg","2340","100","40","1787d0a3ae59b4c35a8787be73ee7af66fd0a6653de9a3d20040a8bbf00cb028","2026-09-12T08:25:10.3529108Z","https://ezpost.post.gov.tw/Captcha.ashx"
"captcha_0313.jpg","2443","100","40","e1e8b0e6ae403641fa2166f5c40bc5861453541401aa834a04bb6fe87cb5d552","2026-09-12T08:25:10.5725902Z","https://ezpost.post.gov.tw/Captcha.ashx"
"captcha_0314.jpg","2322","100","40","ec18376deb47e07ab8e6e3d00d2610069d4208e9788967463ac4bab2b36d4fb6","2026-09-12T08:25:10.7964102Z","https://ezpost.post.gov.tw/Captcha.ashx"
"captcha_0315.jpg","2346","100","40","532383f1192f568008aab6213b40228cba7632a9d75b25b2c1b698120ab22e4c","2026-09-12T08:25:11.0222292Z","https://ezpost.post.gov.tw/Captcha.ashx"
"captcha_0316.jpg","2326","100","40","bebeeebc21ee1a6fca94ff454b9154d3f8f6ad1c705e1820af566a8306a556d3","2026-09-12T08:25:11.2437277Z","https://ezpost.post.gov.tw/Captcha.ashx"
"captcha_0317.jpg","2303","100","40","f2c65d45ccc38b9c85e123635d4ff4f5717ab71371a960c8a3481cf3dd0bc856","2026-09-12T08:25:11.4769577Z","https://ezpost.post.gov.tw/Captcha.ashx"
"captcha_0318.jpg","2317","100","40","146439213fac9ea7790f37baafb6d9d54a70be94b8467828f8b3ea1fffd10c54","2026-09-12T08:25:11.6988076Z","https://ezpost.post.gov.tw/Captcha.ashx"
"captcha_0319.jpg","2314","100","40","61f868deb65aae266b3717bd65e91e620334360a982cde7058d5e9b6c7eef40b","2026-09-12T08:25:11.9216287Z","https://ezpost.post.gov.tw/Captcha.ashx"
"captcha_0320.jpg","2638","100","40","ab2236d40a89eaa7f26c09fe71ccb82e1976cb3f25c868a790bdde0fcf2ded44","2026-09-12T08:25:12.1452060Z","https://ezpost.post.gov.tw/Captcha.ashx"
"captcha_0321.jpg","2631","100","40","48d9bf98e6b4bf826063179ddda70070c6a40498c1d9d55862c8da3f5d3df3fe","2026-09-12T08:25:12.3720150Z","https://ezpost.post.gov.tw/Captcha.ashx"
"captcha_0322.jpg","2482","100","40","1d4a18001b292e9c89172821ae2039fb4632bde1012bfbe04fca3daf02f5b2d7","2026-09-12T08:25:12.5889106Z","https://ezpost.post.gov.tw/Captcha.ashx"
"captcha_0323.jpg","2374","100","40","0dd19bcd192fb196dae0964dcbc5ce609062497bc1edeb249c0caafc674c33ac","2026-09-12T08:25:12.8105686Z","https://ezpost.post.gov.tw/Captcha.ashx"
"captcha_0324.jpg","2306","100","40","a0128172db729d1b6b83932dc05c2435476eef3c237527696274b68e1a7613fc","2026-09-12T08:25:13.0379973Z","https://ezpost.post.gov.tw/Captcha.ashx"
"captcha_0325.jpg","2364","100","40","a11b3d74be1c7b5ee62c005384b814afb36ef0833c95ad42d78462b420e285c4","2026-09-12T08:25:13.2720891Z","https://ezpost.post.gov.tw/Captcha.ashx"
"captcha_0326.jpg","2550","100","40","8d52e5f5d559244a56c098b8729e2fecd3daba034ab0d26fce76c99e1c181a0b","2026-09-12T08:25:13.5084199Z","https://ezpost.post.gov.tw/Captcha.ashx"
"captcha_0327.jpg","2301","100","40","9e2d6fe10e04c06ec1d07ff107c8fbd55345b19a87c1b15a5295adb5bbb540ca","2026-09-12T08:25:13.7303173Z","https://ezpost.post.gov.tw/Captcha.ashx"
"captcha_0328.jpg","2865","100","40","b1dc6f0e96d2f29ada5ff3964df6260ae4c5c82e1dc29353c3728dcaa7d07533","2026-09-12T08:25:13.9523945Z","https://ezpost.post.gov.tw/Captcha.ashx"
"captcha_0329.jpg","2311","100","40","e97222dec46116791626edfacdbe93385bc3f86e9e6a6d8ad6ae5f9ffa63baca","2026-09-12T08:25:14.1686626Z","https://ezpost.post.gov.tw/Captcha.ashx"
"captcha_0330.jpg","2752","100","40","a6afd814cf2126ddc1aa9df816a53797a57fe24d0447f0368b7ed7c8f3643003","2026-09-12T08:25:14.3856038Z","https://ezpost.post.gov.tw/Captcha.ashx"
"captcha_0331.jpg","2425","100","40","d1149cdb9b769d0da65c72dc89c748f82a224c917d82b1e1b4788d926a0e923c","2026-09-12T08:25:14.6069570Z","https://ezpost.post.gov.tw/Captcha.ashx"
"captcha_0332.jpg","2478","100","40","6db1c2a2dbdc936d486134bd27cb7662bde6cad8cbafbfc6cfbf58b4d3494248","2026-09-12T08:25:14.8246739Z","https://ezpost.post.gov.tw/Captcha.ashx"
"captcha_0333.jpg","2360","100","40","917ed48e16ab36077619933bad479663f43df2b89bee5d69bea01c8f16fdb3de","2026-09-12T08:25:15.0444916Z","https://ezpost.post.gov.tw/Captcha.ashx"
"captcha_0334.jpg","2537","100","40","bf642209b17451dedf3765802895417c990378a07b148132f33cfaac8fc05b63","2026-09-12T08:25:15.2734314Z","https://ezpost.post.gov.tw/Captcha.ashx"
"captcha_0335.jpg","2768","100","40","283568c8f92cf91eba9a089446baa35744d29abdc071f085ac3edcdacca65522","2026-09-12T08:25:15.5198896Z","https://ezpost.post.gov.tw/Captcha.ashx"
"captcha_0336.jpg","2392","100","40","183cd5cf7ac4de12ac322f6b302f5099d8bb0190e906cfa4de9c9cfb5345d8a5","2026-09-12T08:25:15.7441141Z","https://ezpost.post.gov.tw/Captcha.ashx"
"captcha_0337.jpg","2260","100","40","86f9d094ee484cd2b3a501f3c2119289a24eb2afa1888ca32ed8bcff333821cf","2026-09-12T08:25:15.9735148Z","https://ezpost.post.gov.tw/Captcha.ashx"
"captcha_0338.jpg","2742","100","40","7ec5a52e277b64c00da1f3338c9710450bc47fbf9d7be9c9bece33ff32d79feb","2026-09-12T08:25:16.1939586Z","https://ezpost.post.gov.tw/Captcha.ashx"
"captcha_0339.jpg","2981","100","40","ae20d67186ca8dbb5459b86e2c35d23c68dccc336fca3798aa473a36c0c0d7b5","2026-09-12T08:25:16.4137020Z","https://ezpost.post.gov.tw/Captcha.ashx"
"captcha_0340.jpg","2374","100","40","f71d02691645aa154bed5f199e481cd7087d028abae83ecf2c68c1e193b9cb15","2026-09-12T08:25:16.6341498Z","https://ezpost.post.gov.tw/Captcha.ashx"
"captcha_0341.jpg","2476","100","40","c80da1dcf209922974316d0ba2ab380b0afc45627f86c2b54f138688bc65475e","2026-09-12T08:25:16.8535176Z","https://ezpost.post.gov.tw/Captcha.ashx"
"captcha_0342.jpg","2284","100","40","3866694e8cc5342eaa6d0ccd6d53aca71b1769ec533bee1571162a47316f0da9","2026-09-12T08:25:17.0700679Z","https://ezpost.post.gov.tw/Captcha.ashx"
"captcha_0343.jpg","2511","100","40","30f0d747f1e9ef71a14e1103620e0dc668ebd35b0ae9198f10144bc91a75aa13","2026-09-12T08:25:17.2880932Z","https://ezpost.post.gov.tw/Captcha.ashx"
"captcha_0344.jpg","2351","100","40","ce84f24df842a73d3ee57dde4518730efa3360d4418b08910e3abbdf98551ba0","2026-09-12T08:25:17.5103154Z","https://ezpost.post.gov.tw/Captcha.ashx"
"captcha_0345.jpg","2466","100","40","880cb5946910819b7e36eab77a051c972696a942362755a449eb73027a65c9d7","2026-09-12T08:25:17.7289828Z","https://ezpost.post.gov.tw/Captcha.ashx"
"captcha_0346.jpg","2401","100","40","eb121be6158551b9068df7ec5a06be6202147d94c51a82beddede2f29d8a131b","2026-09-12T08:25:17.9474765Z","https://ezpost.post.gov.tw/Captcha.ashx"
"captcha_0347.jpg","2335","100","40","5d710dae1d955efea12272222cda54ca67e23ce0843105786a706a1efd6a4095","2026-09-12T08:25:18.1687589Z","https://ezpost.post.gov.tw/Captcha.ashx"
"captcha_0348.jpg","2269","100","40","ca62a35f969b4cab2a762284ed0332f10a8393c7a07fb2acbcba47ab57efe621","2026-09-12T08:25:18.3880740Z","https://ezpost.post.gov.tw/Captcha.ashx"
"captcha_0349.jpg","2667","100","40","1db0d8ee3ea98cf068774b77de8855e08a0191f10566e5a54b2b1a250da5f6f3","2026-09-12T08:25:18.6051814Z","https://ezpost.post.gov.tw/Captcha.ashx"
"captcha_0350.jpg","2824","100","40","bc2cd42a9e28fe4d8e0dafe70e59df93f9b092c16bd874995000e0f7fcaddf2f","2026-09-12T08:25:18.8256962Z","https://ezpost.post.gov.tw/Captcha.ashx"
"captcha_0351.jpg","2739","100","40","edd2cc85061e3f57716941a6df8b3ab6f3bddc792849cd0b6b0d556d71262b13","2026-09-12T08:25:19.0471530Z","https://ezpost.post.gov.tw/Captcha.ashx"
"captcha_0352.jpg","2589","100","40","3c8f3e441fa56f505ab6645ab05f5ff5f257a8384c44aebc9fca29be3e3a6468","2026-09-12T08:25:19.2695619Z","https://ezpost.post.gov.tw/Captcha.ashx"
"captcha_0353.jpg","2350","100","40","489eb42d0c30f37d1406b5c03b4873314678ede46fe8a5b767a9b951126e7a4c","2026-09-12T08:25:19.4930202Z","https://ezpost.post.gov.tw/Captcha.ashx"
"captcha_0354.jpg","2150","100","40","17f359d787b98c653df81d5b92398c49bdc14f5cc07ea5f1479d27569240c1eb","2026-09-12T08:25:19.7257285Z","https://ezpost.post.gov.tw/Captcha.ashx"
"captcha_0355.jpg","2791","100","40","fa0e6e8bb75f4a338e32a480ef00aa31a778cc30cc39260420ac8802691811b9","2026-09-12T08:25:19.9431330Z","https://ezpost.post.gov.tw/Captcha.ashx"
"captcha_0356.jpg","2399","100","40","83af2ea5d0fba38b64618880eac0d6a85722ce37836f2bcc37bef6f5b34f97c9","2026-09-12T08:25:20.1674390Z","https://ezpost.post.gov.tw/Captcha.ashx"
"captcha_0357.jpg","2366","100","40","c96a2f2337fa991027aa9f3a62a42632711fa6d4887fbdd9db44679cd782f80a","2026-09-12T08:25:20.3956480Z","https://ezpost.post.gov.tw/Captcha.ashx"
"captcha_0358.jpg","2427","100","40","d3ab2cf69bf7ecf53b1e4eb850d8c5579a70d29ffa937f449acf39f8172e47b4","2026-09-12T08:25:20.6169272Z","https://ezpost.post.gov.tw/Captcha.ashx"
"captcha_0359.jpg","2831","100","40","8991b0c18fb295de4ff8de57bcad5e064ca45cbfae938a18960e207c9133dcf1","2026-09-12T08:25:20.8380701Z","https://ezpost.post.gov.tw/Captcha.ashx"
"captcha_0360.jpg","2333","100","40","ea1c2e415b6bf6159f52a0bf9b2a76e48bd3c67bae335f1ca963b863d5d1c31e","2026-09-12T08:25:21.0546933Z","https://ezpost.post.gov.tw/Captcha.ashx"
"captcha_0361.jpg","2358","100","40","bf2a56a7b0e709f16306c35bffb93baff5435f969f789493d86ab5f284ef6808","2026-09-12T08:25:21.2754315Z","https://ezpost.post.gov.tw/Captcha.ashx"
"captcha_0362.jpg","2379","100","40","b59cfb2fd913ce17abddb0ad4f636d487fa43bf7eb67ecc5140f493a8ff810dd","2026-09-12T08:25:21.4940995Z","https://ezpost.post.gov.tw/Captcha.ashx"
"captcha_0363.jpg","2294","100","40","e01801adfe9554e1a11e45fbbeeee6a81759e298f556dfe610d051eaf41cbc16","2026-09-12T08:25:21.7113568Z","https://ezpost.post.gov.tw/Captcha.ashx"
"captcha_0364.jpg","2560","100","40","9b245d8371ebdcbd3e17b34c08225d4f68f2e7e15ed2f5918b5f41218fa6c482","2026-09-12T08:25:21.9321095Z","https://ezpost.post.gov.tw/Captcha.ashx"
"captcha_0365.jpg","2894","100","40","403e1e02bf20725e723fcb1932661cf3f09e05deea13255de3dcaffc0d572f42","2026-09-12T08:25:22.1495344Z","https://ezpost.post.gov.tw/Captcha.ashx"
"captcha_0366.jpg","2401","100","40","d29b404a3a5bd07500f120271a2392cc9def2d89e48af8073839f758d9cb31c7","2026-09-12T08:25:22.3687172Z","https://ezpost.post.gov.tw/Captcha.ashx"
"captcha_0367.jpg","2307","100","40","00e927513655b37ca73451d0a5bcc2ad09cd2ffd150a0d1d92f3863509146eaf","2026-09-12T08:25:22.6008499Z","https://ezpost.post.gov.tw/Captcha.ashx"
"captcha_0368.jpg","2348","100","40","c73b177ddab1d2ab7cf5c587b3c934e6c09cc02fbf8f6d33f08efa0baccee131","2026-09-12T08:25:22.8203425Z","https://ezpost.post.gov.tw/Captcha.ashx"
"captcha_0369.jpg","2970","100","40","702597a3457626b205dcc5edeb328ec8c4943a744731c7f7ce34447580154cf4","2026-09-12T08:25:23.0376341Z","https://ezpost.post.gov.tw/Captcha.ashx"
"captcha_0370.jpg","2613","100","40","c09cf5d8fbdd8c7e4188b9a9124ab63340e6e0c6ece0ef1d86ff3d6289000c89","2026-09-12T08:25:23.2605441Z","https://ezpost.post.gov.tw/Captcha.ashx"
"captcha_0371.jpg","2608","100","40","c53978f873164ebd733fb83e588eeaa8dbced26ad91a09cfc98b2274beec01ae","2026-09-12T08:25:23.4803353Z","https://ezpost.post.gov.tw/Captcha.ashx"
"captcha_0372.jpg","2314","100","40","818b669f9abf2086573ca1d0bc76a5eb2d005453f88aef0475f6020c4a78d0c6","2026-09-12T08:25:23.7013734Z","https://ezpost.post.gov.tw/Captcha.ashx"
"captcha_0373.jpg","2321","100","40","71397981a7efca6a5b219e96aa8ef2c6d1cee23b4b2e75eb64da966d72e65c30","2026-09-12T08:25:23.9158462Z","https://ezpost.post.gov.tw/Captcha.ashx"
"captcha_0374.jpg","2346","100","40","0391cbec520dfd4b7321a92bdc8359950c1abb9a5fd3a416be71a66354d4c56d","2026-09-12T08:25:24.1346130Z","https://ezpost.post.gov.tw/Captcha.ashx"
"captcha_0375.jpg","2783","100","40","2f5a7c348c036b1e3108839b0848cbfbbb14227b3ef5239dd2437c6929261b48","2026-09-12T08:25:24.3535780Z","https://ezpost.post.gov.tw/Captcha.ashx"
"captcha_0376.jpg","2399","100","40","b8c0ae539090aeb8fbdce0936f82e1c6c210928e5a4098d4747dfa90ba966bd9","2026-09-12T08:25:24.5740533Z","https://ezpost.post.gov.tw/Captcha.ashx"
"captcha_0377.jpg","2305","100","40","62244ac7c22d0771693ad5ca3f5c30fac3011366258919e97c06a7d78116b549","2026-09-12T08:25:24.7936967Z","https://ezpost.post.gov.tw/Captcha.ashx"
"captcha_0378.jpg","2284","100","40","421848c3dc6491344c496186426d38c93b2a5cd5495a09d50ef9a29be818b7a7","2026-09-12T08:25:25.0207039Z","https://ezpost.post.gov.tw/Captcha.ashx"
"captcha_0379.jpg","2640","100","40","cd062f5a8ebb05360520d771e90bfdf913bbdd3195f5364ae60b52cd8b5d016f","2026-09-12T08:25:25.2422667Z","https://ezpost.post.gov.tw/Captcha.ashx"
"captcha_0380.jpg","2408","100","40","bdf7f4816b8191a196cd983f9e1ca4aa9b02c29584d9ba1dead3c424d611947e","2026-09-12T08:25:25.4614714Z","https://ezpost.post.gov.tw/Captcha.ashx"
"captcha_0381.jpg","2876","100","40","f4ecc9f64dee605eb90fc8a40ed53b133bd51f5bd78bd9ac740190acd217c3c0","2026-09-12T08:25:25.6809823Z","https://ezpost.post.gov.tw/Captcha.ashx"
"captcha_0382.jpg","2394","100","40","bc779751e6373ebb614b3a315c1659be730198f2a4e507841be17b2102a6291c","2026-09-12T08:25:25.9038813Z","https://ezpost.post.gov.tw/Captcha.ashx"
"captcha_0383.jpg","2302","100","40","b2093e49f675259fb3df8827bbd8fde64a3d603f6bd41ce294b46287bd857c5a","2026-09-12T08:25:26.1244280Z","https://ezpost.post.gov.tw/Captcha.ashx"
"captcha_0384.jpg","2320","100","40","54ce7f40ed9cd08c0b222c3128278f32594484f7796f91c07364394bfea80e3e","2026-09-12T08:25:26.3416998Z","https://ezpost.post.gov.tw/Captcha.ashx"
"captcha_0385.jpg","2372","100","40","bb026772535c8f9541e927614365b2ccc0942ee8ece254a706f152cdc79f0b1e","2026-09-12T08:25:26.5703836Z","https://ezpost.post.gov.tw/Captcha.ashx"
"captcha_0386.jpg","2835","100","40","73dd4b9ff984dc5cd7a6891353ff427ff13c17f78daf7b6144e532cfc975e903","2026-09-12T08:25:26.7913198Z","https://ezpost.post.gov.tw/Captcha.ashx"
"captcha_0387.jpg","2707","100","40","ce179ec0e4975981373f701fad7f695f14a7f1ae10f18312a23461f172ab5a34","2026-09-12T08:25:27.0077282Z","https://ezpost.post.gov.tw/Captcha.ashx"
"captcha_0388.jpg","2407","100","40","cb00bb0a89c352497cbe93ff39ce5b2ab6ac24f5c34933251c5c1f23f0d9b458","2026-09-12T08:25:27.2294425Z","https://ezpost.post.gov.tw/Captcha.ashx"
"captcha_0389.jpg","2498","100","40","60ae4069979e69b34dc614034881fac5613b97c52ad75cd28afd89ede4166a8e","2026-09-12T08:25:27.4478934Z","https://ezpost.post.gov.tw/Captcha.ashx"
"captcha_0390.jpg","2313","100","40","c042df199df23e8b020a7c17a8105b1b0dbc0714f3f3211d25cf95776e5fabf1","2026-09-12T08:25:27.6825955Z","https://ezpost.post.gov.tw/Captcha.ashx"
"captcha_0391.jpg","2324","100","40","af1a17ad1900ad53ea7212b189bc70aef35fe9ceffe64a3aeba8f224df27702a","2026-09-12T08:25:27.9154189Z","https://ezpost.post.gov.tw/Captcha.ashx"
"captcha_0392.jpg","2350","100","40","6fc8c0930ffdbadc644bc0867145b4bf2df0df3a77e397cddef9dd17989a5048","2026-09-12T08:25:28.1334719Z","https://ezpost.post.gov.tw/Captcha.ashx"
"captcha_0393.jpg","2884","100","40","0e093577aa9ebd01c041cef9db69f89c3d7ea36c7711cce005be9503e4194ca7","2026-09-12T08:25:28.3518008Z","https://ezpost.post.gov.tw/Captcha.ashx"
"captcha_0394.jpg","2345","100","40","4cb3235a58cbe6a2a3e48856733f32ad04fbae4ff8a42dcee26bf2e8584c1be7","2026-09-12T08:25:28.5662020Z","https://ezpost.post.gov.tw/Captcha.ashx"
"captcha_0395.jpg","2366","100","40","e5288fc2d1b53d9086a3b3260e448353845a7c3acd92e4dc20895c2663947989","2026-09-12T08:25:28.7877773Z","https://ezpost.post.gov.tw/Captcha.ashx"
"captcha_0396.jpg","2257","100","40","f88a375ae28bb69b24e37735d4ffa6f69a4d1874a541d0dda23501cabb5f71fd","2026-09-12T08:25:29.0115424Z","https://ezpost.post.gov.tw/Captcha.ashx"
"captcha_0397.jpg","2510","100","40","c98a286bf0ff2779807f485e24bf1d4a57b3da9ec5a0bd765b704a381539b51f","2026-09-12T08:25:29.2451586Z","https://ezpost.post.gov.tw/Captcha.ashx"
"captcha_0398.jpg","2430","100","40","81dd5eaf159184e0600375ea0692158c97f731cd2876ad9d8cbf46233280a418","2026-09-12T08:25:29.4773400Z","https://ezpost.post.gov.tw/Captcha.ashx"
"captcha_0399.jpg","2321","100","40","3e847e06435456309f85899ed233c3025560df298e276260cd520082f6b49e24","2026-09-12T08:25:29.6976169Z","https://ezpost.post.gov.tw/Captcha.ashx"
"captcha_0400.jpg","2382","100","40","69fd130eabdfad18c5f5de3c041496cd74ece3c242a1d3cfc3e739d90274b92b","2026-09-12T08:25:29.9141917Z","https://ezpost.post.gov.tw/Captcha.ashx"
"captcha_0401.jpg","2471","100","40","ffe65b394088947dd4dcee8bae11370265775dc9185d19c3c1dc2b6dff0bb461","2026-09-12T08:25:30.1510937Z","https://ezpost.post.gov.tw/Captcha.ashx"
"captcha_0402.jpg","2360","100","40","e382e0c7a86bc98fcceb3ce73fc9fae4384922996cc96dc75905e4bdb9a1c74c","2026-09-12T08:25:30.3832701Z","https://ezpost.post.gov.tw/Captcha.ashx"
"captcha_0403.jpg","2680","100","40","63376902243837f7d2100abba9cdb328ab7a33f6f5b3be8525347a1c0aef35e1","2026-09-12T08:25:30.6156220Z","https://ezpost.post.gov.tw/Captcha.ashx"
"captcha_0404.jpg","2666","100","40","e474764e0bb3e3904534b5e547d9b78411e91e21984848624ffddfe080454625","2026-09-12T08:25:30.8326281Z","https://ezpost.post.gov.tw/Captcha.ashx"
"captcha_0405.jpg","2421","100","40","d5cbf3ff167688c2ea10592fb1c74ea2c02c9c873475ce9339656ab1f5556e55","2026-09-12T08:25:31.0542294Z","https://ezpost.post.gov.tw/Captcha.ashx"
"captcha_0406.jpg","2448","100","40","657082dd6fac5fb06f5514d6a4a44c10064431bae908db9fd22743704d6a6849","2026-09-12T08:25:31.2999947Z","https://ezpost.post.gov.tw/Captcha.ashx"
"captcha_0407.jpg","2596","100","40","cf715d03a265d6cbe32ac71c1678189c6c49eb7386c6113934c153ed3a3d04e4","2026-09-12T08:25:31.5202477Z","https://ezpost.post.gov.tw/Captcha.ashx"
"captcha_0408.jpg","2395","100","40","925ce0a13c9980b972a35ca1581cceb18deae899217733eb0279d02a040349b1","2026-09-12T08:25:31.7436021Z","https://ezpost.post.gov.tw/Captcha.ashx"
"captcha_0409.jpg","2322","100","40","835362f0dd275fd197b424a909a1019904ee2b730bba10379f81780830162ad6","2026-09-12T08:25:31.9595243Z","https://ezpost.post.gov.tw/Captcha.ashx"
"captcha_0410.jpg","2290","100","40","5e014ca026710394f0ee2ff9144abca988cfdec33ddeba02afbd74a984f14e1d","2026-09-12T08:25:32.1822811Z","https://ezpost.post.gov.tw/Captcha.ashx"
"captcha_0411.jpg","2556","100","40","8aaadcc4b8703fcaa2de5f57f185d1480da2290aa46272d30475c929bb29fac6","2026-09-12T08:25:32.3986577Z","https://ezpost.post.gov.tw/Captcha.ashx"
"captcha_0412.jpg","2978","100","40","b337ecbc841c184cac1bdffcc0afcb529caf598f71a1a47a895ca79899720a67","2026-09-12T08:25:32.6216877Z","https://ezpost.post.gov.tw/Captcha.ashx"
"captcha_0413.jpg","2351","100","40","de4c707d8536cd77dfe9309a24f96ba64681be16d02e429a672738fa503330fd","2026-09-12T08:25:32.8406419Z","https://ezpost.post.gov.tw/Captcha.ashx"
"captcha_0414.jpg","2358","100","40","3e52a71179d7d470c14745af1f02ceb7352d0233786e7c1689e89c2755a881d4","2026-09-12T08:25:33.0723137Z","https://ezpost.post.gov.tw/Captcha.ashx"
"captcha_0415.jpg","2445","100","40","d2e9b785c14d69ddcde641923f6fdc82298dd5dd277b69758bf78072f06ff26a","2026-09-12T08:25:33.2864038Z","https://ezpost.post.gov.tw/Captcha.ashx"
"captcha_0416.jpg","2556","100","40","ff57daa971f754f149f4e975723a89683d21be5c5df825ccafbaa8134baf2305","2026-09-12T08:25:33.5076023Z","https://ezpost.post.gov.tw/Captcha.ashx"
"captcha_0417.jpg","2804","100","40","ecbc5942db1ffab181cfd6c934b12f3db6988c1189fe1e624e09953a47800649","2026-09-12T08:25:33.7260596Z","https://ezpost.post.gov.tw/Captcha.ashx"
"captcha_0418.jpg","2376","100","40","fc8f015e008e05df844eae0aa274c525197ea1534feba64ca21175b6169f2b74","2026-09-12T08:25:33.9566679Z","https://ezpost.post.gov.tw/Captcha.ashx"
"captcha_0419.jpg","2432","100","40","5bbc1d38e417b5ad0f60655c71c112b98628ef6cccdc015acd08e70d30769b2b","2026-09-12T08:25:34.1784138Z","https://ezpost.post.gov.tw/Captcha.ashx"
"captcha_0420.jpg","2638","100","40","fdf894daa20aac50f6f4e18f119baa4f0dbab8022e62caeedbbd862f224f9d81","2026-09-12T08:25:34.3983087Z","https://ezpost.post.gov.tw/Captcha.ashx"
"captcha_0421.jpg","2370","100","40","ba9c42ea67618582deab040fadbe2b5677389c3cf7ad95842cc907ec2f67ab2a","2026-09-12T08:25:34.6141835Z","https://ezpost.post.gov.tw/Captcha.ashx"
"captcha_0422.jpg","2452","100","40","42d3616d80d266f3dd1d50c606a28b4576e69d9ad5330aa45fd993db76e0a247","2026-09-12T08:25:34.8345898Z","https://ezpost.post.gov.tw/Captcha.ashx"
"captcha_0423.jpg","2692","100","40","217eb714c17c6bfca496fff85f586ecd7f5897e225dfc1312ad6cab000fa1e79","2026-09-12T08:25:35.0535258Z","https://ezpost.post.gov.tw/Captcha.ashx"
"captcha_0424.jpg","2933","100","40","5e4b923a8c1fd4a83c605223d042dc1547166395166c74ab311df75e85f922fc","2026-09-12T08:25:35.2717164Z","https://ezpost.post.gov.tw/Captcha.ashx"
"captcha_0425.jpg","2346","100","40","ec22edb7ee3e225d824743b121a2122bbbe8f3fbe0a19e09ab9dfc74ea5b97cd","2026-09-12T08:25:35.4938419Z","https://ezpost.post.gov.tw/Captcha.ashx"
"captcha_0426.jpg","2482","100","40","69858dc75352306759dd24ce33dfa22f00e35484af32b0549de349b2b7edc0b3","2026-09-12T08:25:35.7296292Z","https://ezpost.post.gov.tw/Captcha.ashx"
"captcha_0427.jpg","2544","100","40","ae603e3e3c3ea2f037059b18e22b728476b2ca9d0adf4d2cc0b321687be7d2b1","2026-09-12T08:25:35.9746378Z","https://ezpost.post.gov.tw/Captcha.ashx"
"captcha_0428.jpg","2503","100","40","fb5e2b6ba0ad6bb606c7c64d4c6494e455b2db8e8d64948615a57a4b4063788a","2026-09-12T08:25:36.1961808Z","https://ezpost.post.gov.tw/Captcha.ashx"
"captcha_0429.jpg","2362","100","40","2475fb1cba811d1bbb7a961b41e8879465626dc5045b9a0bfe49d5e59a2ba4af","2026-09-12T08:25:36.4164073Z","https://ezpost.post.gov.tw/Captcha.ashx"
"captcha_0430.jpg","2264","100","40","86330cf2c741482afd334206db75b6d56325e000f433a96ac0224c534259a334","2026-09-12T08:25:36.6444373Z","https://ezpost.post.gov.tw/Captcha.ashx"
"captcha_0431.jpg","2915","100","40","9d58b72a83161b31409235fa25330456a73ee296395f925b26688304a63c79d8","2026-09-12T08:25:36.8639057Z","https://ezpost.post.gov.tw/Captcha.ashx"
"captcha_0432.jpg","2573","100","40","6f7f4c223ca1a98c6e4fb92dbc446fba94be1b2ea2588dc61c220fc0bf677ce3","2026-09-12T08:25:37.0846238Z","https://ezpost.post.gov.tw/Captcha.ashx"
"captcha_0433.jpg","2303","100","40","cb08522c31cbe1aa36930e617b26a846ef8715ceb9b64e629cb8cad4fbacd717","2026-09-12T08:25:37.3065196Z","https://ezpost.post.gov.tw/Captcha.ashx"
"captcha_0434.jpg","2910","100","40","d6a82dafc6124a8ed92f7da0f1669afce2f6d580d4b848cac68e55376e47c91f","2026-09-12T08:25:37.5269117Z","https://ezpost.post.gov.tw/Captcha.ashx"
"captcha_0435.jpg","2675","100","40","8be75e68d9ca952baa45c5a46c45be884608e971717f7c756f102dec7b18bb03","2026-09-12T08:25:37.7692140Z","https://ezpost.post.gov.tw/Captcha.ashx"
"captcha_0436.jpg","2433","100","40","382079ef1b3170035680999b6ad0418d638c27d511b8d991a60166f58630d92f","2026-09-12T08:25:37.9970047Z","https://ezpost.post.gov.tw/Captcha.ashx"
"captcha_0437.jpg","2367","100","40","6075c5bfe79822c022f5fa9540cd5577fa77c0b38872652f5d7e01290e52ea37","2026-09-12T08:25:38.2147850Z","https://ezpost.post.gov.tw/Captcha.ashx"
"captcha_0438.jpg","2837","100","40","af90ed3d6f3d8fb1b1fb4cf2918275e6b3dfb1ecf188609752ef4dfa04feac70","2026-09-12T08:25:38.4326985Z","https://ezpost.post.gov.tw/Captcha.ashx"
"captcha_0439.jpg","2525","100","40","b2b03790b36195115f725f3b49b111484a815de0c2ac13792f5f24f5bfc92ea9","2026-09-12T08:25:38.6534387Z","https://ezpost.post.gov.tw/Captcha.ashx"
"captcha_0440.jpg","2576","100","40","d9212498993a7fc97b5c910f02b754ec939e0fa907ebd8a54d742563ab950030","2026-09-12T08:25:38.8685437Z","https://ezpost.post.gov.tw/Captcha.ashx"
"captcha_0441.jpg","2905","100","40","c37eaa2ee1f0b80812186fffb8ad6f32da3f6d65f1f993d70e40b4e96e7d5e3e","2026-09-12T08:25:39.0865924Z","https://ezpost.post.gov.tw/Captcha.ashx"
"captcha_0442.jpg","2331","100","40","a06eb931e721b5051c0a77f14d3a3e119b47194094d11d574e8dee813a39ab93","2026-09-12T08:25:39.3030000Z","https://ezpost.post.gov.tw/Captcha.ashx"
"captcha_0443.jpg","2449","100","40","65ae7fe65ee8dd30124a6b55879756babf8948358947af22a0abbf3ff9293f21","2026-09-12T08:25:39.5232931Z","https://ezpost.post.gov.tw/Captcha.ashx"
"captcha_0444.jpg","2929","100","40","9c028c27e12e54554b4adbcae116f4a4de29c1409a19b3a528646dc6e401fc23","2026-09-12T08:25:39.7467050Z","https://ezpost.post.gov.tw/Captcha.ashx"
"captcha_0445.jpg","2635","100","40","79d9d9ae3e9c70555a27b5069ee02ad443e81af21ae3ef278aaf97d496da3d46","2026-09-12T08:25:39.9741257Z","https://ezpost.post.gov.tw/Captcha.ashx"
"captcha_0446.jpg","2375","100","40","2827263a67bd44b9eee2298f3b7d40f6940d0c089f35302ef317e004beb3810f","2026-09-12T08:25:40.1907443Z","https://ezpost.post.gov.tw/Captcha.ashx"
"captcha_0447.jpg","2271","100","40","89da312851fd9aac19b53c5c3cfe6d7f2ee32b9a6bb16a79d4271a10d7880f63","2026-09-12T08:25:40.4106189Z","https://ezpost.post.gov.tw/Captcha.ashx"
"captcha_0448.jpg","2986","100","40","3ae1ef3dd2c7039a3e51855aaa943e715abd1ff934f6d34a4add3eefeb460401","2026-09-12T08:25:40.6303528Z","https://ezpost.post.gov.tw/Captcha.ashx"
"captcha_0449.jpg","2471","100","40","d7f48a1e6600f59ef3595780f2bbe693c15df6671d253ff0239bd3ee0f00691e","2026-09-12T08:25:40.8466706Z","https://ezpost.post.gov.tw/Captcha.ashx"
"captcha_0450.jpg","2217","100","40","4fc471ffa5b2dbec959b7a5ee30004accf9501671a035cc1227ccd1499f4efb8","2026-09-12T08:25:41.0660606Z","https://ezpost.post.gov.tw/Captcha.ashx"
"captcha_0451.jpg","2387","100","40","3cdd2f03f4f03173e6ba0486dcf440df771dfecaa5476e427504c0db98794d05","2026-09-12T08:25:41.3008696Z","https://ezpost.post.gov.tw/Captcha.ashx"
"captcha_0452.jpg","2935","100","40","ba8d422fc0757f6699ccba3e6c2bb92b3d86861458b9b996fd1c484b37790b04","2026-09-12T08:25:41.5204115Z","https://ezpost.post.gov.tw/Captcha.ashx"
"captcha_0453.jpg","2338","100","40","8309d6a5a22f02030c1ad39280d07cfc0e7cc57a93b311563f9a1dcdeb669122","2026-09-12T08:25:41.7392884Z","https://ezpost.post.gov.tw/Captcha.ashx"
"captcha_0454.jpg","2356","100","40","ffec565681a7196b76af570117d9519beb3051390b2edbd18d869b6d6efda818","2026-09-12T08:25:41.9607771Z","https://ezpost.post.gov.tw/Captcha.ashx"
"captcha_0455.jpg","2476","100","40","4f4bf33e0537d425643472ded6d3b4d7b98b30c4d139384d81e7fc935cedf195","2026-09-12T08:25:42.1799010Z","https://ezpost.post.gov.tw/Captcha.ashx"
"captcha_0456.jpg","2388","100","40","ba3925f27cd6be83f19001a25c2d5e678b0c700ca0764ca2f0a19caa6517ed9e","2026-09-12T08:25:42.3988651Z","https://ezpost.post.gov.tw/Captcha.ashx"
"captcha_0457.jpg","2302","100","40","b41e7a5d9ee4ab9524b7d08502fde9495c7e9c856e9b9c24d6bc111a6ca143f9","2026-09-12T08:25:42.6201984Z","https://ezpost.post.gov.tw/Captcha.ashx"
"captcha_0458.jpg","2436","100","40","ca1a331fcd1caafb56e1970a591cc5c9ae62499ddc75ab7804c13b28986f099a","2026-09-12T08:25:42.8403552Z","https://ezpost.post.gov.tw/Captcha.ashx"
"captcha_0459.jpg","2297","100","40","67386ce280c7608be40640cb41e54429fefb5caf64bbf7d7d11aa40d8e3d286f","2026-09-12T08:25:43.0700444Z","https://ezpost.post.gov.tw/Captcha.ashx"
"captcha_0460.jpg","2705","100","40","4c8c79ab5c8a19cbfcf4d06f107446e2cfac01789172cff288478c628a601bd1","2026-09-12T08:25:43.2900465Z","https://ezpost.post.gov.tw/Captcha.ashx"
"captcha_0461.jpg","2333","100","40","4810b0b2214b24db34cad275ff5a7cfc5eed3c343ce295dd452b3c4a8b9b96b1","2026-09-12T08:25:43.5110158Z","https://ezpost.post.gov.tw/Captcha.ashx"
"captcha_0462.jpg","2940","100","40","487af2c01ddbedb80ad202b3f81b53fa4ac997bd2f17410b4e5d033e525c8c0e","2026-09-12T08:25:43.7438708Z","https://ezpost.post.gov.tw/Captcha.ashx"
"captcha_0463.jpg","2535","100","40","3a3b1d75131ee70b51d379a19971a49440305d92d9f448d3a9bd05aad07c3771","2026-09-12T08:25:43.9760797Z","https://ezpost.post.gov.tw/Captcha.ashx"
"captcha_0464.jpg","2317","100","40","8205c2a4ac6bd3b4063133360051ab87cebea6703a069c1bbeb6d2f52fb3e5c7","2026-09-12T08:25:44.1928652Z","https://ezpost.post.gov.tw/Captcha.ashx"
"captcha_0465.jpg","2773","100","40","3f6d5d6c57095839fcc7001693762e4525737c4a19ed33d8098958667ea7e078","2026-09-12T08:25:44.4151581Z","https://ezpost.post.gov.tw/Captcha.ashx"
"captcha_0466.jpg","2740","100","40","75f9a4e86fa122446d0a87399af80059aeea14300d3e32cba5e1a6f2a4a89164","2026-09-12T08:25:44.6346533Z","https://ezpost.post.gov.tw/Captcha.ashx"
"captcha_0467.jpg","2671","100","40","5516c207eabf29b285f4708b3bc69179f97661ed3538953230a4c0cbe5ce4416","2026-09-12T08:25:44.8551538Z","https://ezpost.post.gov.tw/Captcha.ashx"
"captcha_0468.jpg","2396","100","40","9c6837f0a26137af28c172320b1a2018501714f6e1eb78ee6c4f6cd35fd1f76b","2026-09-12T08:25:45.0858150Z","https://ezpost.post.gov.tw/Captcha.ashx"
"captcha_0469.jpg","2650","100","40","3dbb6145d7e27e89a57b495d8b4906f77f070c8e36ba392a26c87b4a10605ba5","2026-09-12T08:25:45.3161344Z","https://ezpost.post.gov.tw/Captcha.ashx"
"captcha_0470.jpg","2788","100","40","682fd66626814eba182ee6c456cd5a0d62ae77f7717bfd3272dc124c11089893","2026-09-12T08:25:45.5412927Z","https://ezpost.post.gov.tw/Captcha.ashx"
"captcha_0471.jpg","2387","100","40","165b2b7d525eb59c62bf20440bf5c7106786f431f3280fc199efc16c0ef95ae3","2026-09-12T08:25:45.7616562Z","https://ezpost.post.gov.tw/Captcha.ashx"
"captcha_0472.jpg","2701","100","40","db3f53957e09880182b018ac8f28dc83aef32606587b5b90879dd60b66204d95","2026-09-12T08:25:45.9804653Z","https://ezpost.post.gov.tw/Captcha.ashx"
"captcha_0473.jpg","2756","100","40","e85662cdd5aa6c3cfab28a22d99186328340121f007bcc8ee96e5740fb07b233","2026-09-12T08:25:46.2124178Z","https://ezpost.post.gov.tw/Captcha.ashx"
"captcha_0474.jpg","2260","100","40","c7f5e74c36c07af881a87bc06126aa5ccec0752dcd9a001e59ef486c089f8523","2026-09-12T08:25:46.4329238Z","https://ezpost.post.gov.tw/Captcha.ashx"
"captcha_0475.jpg","2404","100","40","452c0a26d9e59c3114aad5a0ecf7269bda03757bbaa9392a164e91db5ee91616","2026-09-12T08:25:46.6534407Z","https://ezpost.post.gov.tw/Captcha.ashx"
"captcha_0476.jpg","2791","100","40","7b7861eabd11b4ceb0207fc8329311dafbf32ab5957c997bff73c3cf088a9268","2026-09-12T08:25:46.8877607Z","https://ezpost.post.gov.tw/Captcha.ashx"
"captcha_0477.jpg","2490","100","40","982f1abbc83e8599d8aa97e01dcb4624b724caefb629d3bcdbf6c73e7b88a5fa","2026-09-12T08:25:47.1064675Z","https://ezpost.post.gov.tw/Captcha.ashx"
"captcha_0478.jpg","2367","100","40","e50037c50ec675287afd24637ebd9c1b5b8e072763d51174def57276929718f3","2026-09-12T08:25:47.3379873Z","https://ezpost.post.gov.tw/Captcha.ashx"
"captcha_0479.jpg","2580","100","40","ee015ce5b9f5f4576731310901810bf43f6f59c0227b082a1ca7bbf16cc0edbd","2026-09-12T08:25:47.5563755Z","https://ezpost.post.gov.tw/Captcha.ashx"
"captcha_0480.jpg","2289","100","40","324e7697697070d1c0e4a768949a23f38918792ac6821a001d608db0cd860595","2026-09-12T08:25:47.7770823Z","https://ezpost.post.gov.tw/Captcha.ashx"
"captcha_0481.jpg","2482","100","40","b4b06467f0f180d20a0bf6c8b04aae2fe29c66f55cf7817dab547b461c5c8e99","2026-09-12T08:25:48.0158275Z","https://ezpost.post.gov.tw/Captcha.ashx"
"captcha_0482.jpg","2538","100","40","c1e419ccab66cacc7c4f6c38cb82f878863fba359dc2fe8d819fec1cdb2f3196","2026-09-12T08:25:48.2432044Z","https://ezpost.post.gov.tw/Captcha.ashx"
"captcha_0483.jpg","2576","100","40","535a9499f4e484d18f334a5fcbf232435ae774d0e0d702842b48f232293cf29e","2026-09-12T08:25:48.4595876Z","https://ezpost.post.gov.tw/Captcha.ashx"
"captcha_0484.jpg","2626","100","40","a35e811ab23809099788dfe0f22987e184714ff1436343f811f5623a52d4130c","2026-09-12T08:25:48.6807450Z","https://ezpost.post.gov.tw/Captcha.ashx"
"captcha_0485.jpg","2612","100","40","63a47e2c7fed6afd8608d324dc6d674450a12f1246337c2bb3a06c28036c515e","2026-09-12T08:25:48.9118027Z","https://ezpost.post.gov.tw/Captcha.ashx"
"captcha_0486.jpg","2340","100","40","19459f703e776835c47998e5fc3b297b3170f6812bcc2f602bb732999a47c431","2026-09-12T08:25:49.1304231Z","https://ezpost.post.gov.tw/Captcha.ashx"
"captcha_0487.jpg","2445","100","40","5865c524b03b947a7500c483a97653064920862937cb77a26c5331e13d289370","2026-09-12T08:25:49.3464735Z","https://ezpost.post.gov.tw/Captcha.ashx"
"captcha_0488.jpg","2548","100","40","011375265f127eef05bdd9ea0faf4228d74a45e9c1a31419766817493baacdb3","2026-09-12T08:25:49.5696026Z","https://ezpost.post.gov.tw/Captcha.ashx"
"captcha_0489.jpg","2365","100","40","2364371f4e1df34435b0acc59998897135e3e30ff4593f7964cdf79ef44899bb","2026-09-12T08:25:49.7892740Z","https://ezpost.post.gov.tw/Captcha.ashx"
"captcha_0490.jpg","2387","100","40","6b2a2957bfba337aa4b4005bc90c5f57f13139164c1bd6c2f046567e48c0b79c","2026-09-12T08:25:50.0069433Z","https://ezpost.post.gov.tw/Captcha.ashx"
"captcha_0491.jpg","2358","100","40","15957f97634ed758227aae486515d42657f622e04cbcea863b89fe05ec7f625b","2026-09-12T08:25:50.2251093Z","https://ezpost.post.gov.tw/Captcha.ashx"
"captcha_0492.jpg","2367","100","40","91337cf637b276ae71ddf956a2528c0e33bfbd0a912c52dc3bce48f6bb3e11fc","2026-09-12T08:25:50.4458380Z","https://ezpost.post.gov.tw/Captcha.ashx"
"captcha_0493.jpg","2357","100","40","b6748851490ff84d2d6948c6d0c002184dbf15311e542ae07785474202a21f30","2026-09-12T08:25:50.6702194Z","https://ezpost.post.gov.tw/Captcha.ashx"
"captcha_0494.jpg","2351","100","40","5a85c75e4e96392174d1bf1be6f0b7d21d40d3d70cb2f560fc7692e4117a585f","2026-09-12T08:25:50.8860018Z","https://ezpost.post.gov.tw/Captcha.ashx"
"captcha_0495.jpg","2387","100","40","0ac4247a24967ec21780d1fdaa12230980e7b008d45c872fd05fc5e97b407a94","2026-09-12T08:25:51.1202691Z","https://ezpost.post.gov.tw/Captcha.ashx"
"captcha_0496.jpg","2386","100","40","a8547443ca78e7c7679a5db7f366c62cc61ef2a9c953c6c9f60306d91afbd444","2026-09-12T08:25:51.3572527Z","https://ezpost.post.gov.tw/Captcha.ashx"
"captcha_0497.jpg","2266","100","40","f55b0e073f0a72bf9ef499520d44e29a55b5975a9b234ef807fc927769da623e","2026-09-12T08:25:51.5834219Z","https://ezpost.post.gov.tw/Captcha.ashx"
"captcha_0498.jpg","2927","100","40","f21e61cd682e423e1a8047dabc02b23f89bd6da097cca4db6d685ee7432409d2","2026-09-12T08:25:51.8049148Z","https://ezpost.post.gov.tw/Captcha.ashx"
"captcha_0499.jpg","2366","100","40","a58e785ac1cdcfd218c113950d136eb8ddd2f45dfe38f466395cc9bb185eaa24","2026-09-12T08:25:52.0280549Z","https://ezpost.post.gov.tw/Captcha.ashx"
"captcha_0500.jpg","2499","100","40","6601328e05163e8086e94293458b55ef6496514c876c0cc1485e4ac722e72d5a","2026-09-12T08:25:52.2493787Z","https://ezpost.post.gov.tw/Captcha.ashx"
"captcha_0501.jpg","2383","100","40","46d37416f549ca05fad1d4d549ffda818a00e6da792fe8da491398b9407090f2","2026-09-12T08:25:52.4691724Z","https://ezpost.post.gov.tw/Captcha.ashx"
"captcha_0502.jpg","2395","100","40","a40a2082d4d829141b5bbde602c48b04547879bcc031a2b9ccaec420e832b1f3","2026-09-12T08:25:52.6872145Z","https://ezpost.post.gov.tw/Captcha.ashx"
"captcha_0503.jpg","2838","100","40","589988a93c27c573b01c431b212e23f16e18a0c16c7570781a9718d8b3072689","2026-09-12T08:25:52.9106664Z","https://ezpost.post.gov.tw/Captcha.ashx"
"captcha_0504.jpg","2670","100","40","a46782342b47e4399518d33f3fd6c12328d46c69d988514a3b5fe8d7cda5c3f8","2026-09-12T08:25:53.1316696Z","https://ezpost.post.gov.tw/Captcha.ashx"
"captcha_0505.jpg","2654","100","40","085aa2c65b8e09c36b880ef5297d5e89e05d527903d1b7684fce9a4dc282a0b1","2026-09-12T08:25:53.3501980Z","https://ezpost.post.gov.tw/Captcha.ashx"
"captcha_0506.jpg","2829","100","40","e4d9a5616c204ba040886ea2389ca8ab69f24635a05045a5046bab19f4b68570","2026-09-12T08:25:53.5701105Z","https://ezpost.post.gov.tw/Captcha.ashx"
"captcha_0507.jpg","2382","100","40","c35ee97c8e8d5d2532801bfc3def3e78ea135b42d75d349c04e94f77f3c2a77b","2026-09-12T08:25:53.7893293Z","https://ezpost.post.gov.tw/Captcha.ashx"
"captcha_0508.jpg","2682","100","40","363d7bcd0c855ca266afa9246a3839c1fba5f1edc5e49dd102c31c33e4ca0f0a","2026-09-12T08:25:54.0063604Z","https://ezpost.post.gov.tw/Captcha.ashx"
"captcha_0509.jpg","2620","100","40","79280fb84b18048b9647dc643961543a38835917897ab13ba46c9711a21452c4","2026-09-12T08:25:54.2301630Z","https://ezpost.post.gov.tw/Captcha.ashx"
"captcha_0510.jpg","2327","100","40","db582e6ccb3a5c8e5b279692dcd1d1b4312d3e73f4a33436632e6491e02788b8","2026-09-12T08:25:54.4466665Z","https://ezpost.post.gov.tw/Captcha.ashx"
"captcha_0511.jpg","2585","100","40","9621d5b77b89987634d9e5857a4765cc5ab46684849dbc24ff21753c2fd589e5","2026-09-12T08:25:54.6686500Z","https://ezpost.post.gov.tw/Captcha.ashx"
"captcha_0512.jpg","2349","100","40","1ca58e7dddf9ec06c0ebb8918860cd5edf3be83e7ca5c578fc4bd452d2606802","2026-09-12T08:25:54.8867568Z","https://ezpost.post.gov.tw/Captcha.ashx"
"captcha_0513.jpg","2385","100","40","eb670de30a3b5727f8d89a9425d7f564d6cb17063aadd3965e2b4e539121e307","2026-09-12T08:25:55.1046817Z","https://ezpost.post.gov.tw/Captcha.ashx"
"captcha_0514.jpg","2503","100","40","9a17a690fb54283f8ca1475e0aec4248cb5295cc0c834487dd4dacc122ce943e","2026-09-12T08:25:55.3259538Z","https://ezpost.post.gov.tw/Captcha.ashx"
"captcha_0515.jpg","2350","100","40","3d0fb9886cd9b07e618fa471358c82e46308e309dca652290e892e9cc1bea1f1","2026-09-12T08:25:55.5577700Z","https://ezpost.post.gov.tw/Captcha.ashx"
"captcha_0516.jpg","2417","100","40","14f91892e497b608528cafb02ad0aac5179a04ceb5896fca4db508c6bd0d198a","2026-09-12T08:25:55.7776647Z","https://ezpost.post.gov.tw/Captcha.ashx"
"captcha_0517.jpg","2461","100","40","f15563ebff64313ea34fd30290032eb30aa8df69c876051809598289268dd818","2026-09-12T08:25:55.9953824Z","https://ezpost.post.gov.tw/Captcha.ashx"
"captcha_0518.jpg","2667","100","40","90e6fd5e06dee7160c8b29f2bcbc881806bea4e5dec28af305194d2110bbd863","2026-09-12T08:25:56.2265147Z","https://ezpost.post.gov.tw/Captcha.ashx"
"captcha_0519.jpg","2365","100","40","8ebe40ac2e42c0b0e451372c1484d709467bdd14a29ee5d8c0f1e23b93ab5277","2026-09-12T08:25:56.4581084Z","https://ezpost.post.gov.tw/Captcha.ashx"
"captcha_0520.jpg","2525","100","40","21983038ccaae6bbe05ea8e78511a2c51932b0d105bc25a8558e026fd0384039","2026-09-12T08:25:56.6773112Z","https://ezpost.post.gov.tw/Captcha.ashx"
"captcha_0521.jpg","2368","100","40","39e3afe8f75ac55ff4a123c8cc2d8668e260c7aa4c57034b6d3f1ab5b6905e8d","2026-09-12T08:25:56.8969581Z","https://ezpost.post.gov.tw/Captcha.ashx"
"captcha_0522.jpg","2625","100","40","bac248691642c2ccb0c9f9f23179cdccfcac5aa2ee652e1f2d77b231d8d1d8e8","2026-09-12T08:25:57.1147102Z","https://ezpost.post.gov.tw/Captcha.ashx"
"captcha_0523.jpg","2615","100","40","a8d8f818a845b9b2dcb975bac5da271a035a01b941c6fa4038547128d23a681f","2026-09-12T08:25:57.3335303Z","https://ezpost.post.gov.tw/Captcha.ashx"
"captcha_0524.jpg","2486","100","40","706a07dc8c19df272ffe36a8415c3820960b80327309d890003e2e5178594d9b","2026-09-12T08:25:57.5516746Z","https://ezpost.post.gov.tw/Captcha.ashx"
"captcha_0525.jpg","2898","100","40","b3b9365460006b83c0d7811ca145a62528f7445b31a833521029c914a4647107","2026-09-12T08:25:57.7707067Z","https://ezpost.post.gov.tw/Captcha.ashx"
"captcha_0526.jpg","2269","100","40","5746d7f6496d9d30e76a053ab5abfc79eee244f8cb83c8f2c3600452b3c69a72","2026-09-12T08:25:58.0054547Z","https://ezpost.post.gov.tw/Captcha.ashx"
"captcha_0527.jpg","2359","100","40","b8fde3015df1c867461d3a7c8ed22b73397e8a984579a8c5159a049461a9b8f8","2026-09-12T08:25:58.2260855Z","https://ezpost.post.gov.tw/Captcha.ashx"
"captcha_0528.jpg","2361","100","40","e687476d735dab1fbf87fc870f1fd108fec97128001cb269f204900e10c0c9ac","2026-09-12T08:25:58.4552087Z","https://ezpost.post.gov.tw/Captcha.ashx"
"captcha_0529.jpg","2358","100","40","eb0c3beac1a24623a4e1ee173f634ae2900766ed585ea2c627cff1c188b7f405","2026-09-12T08:25:58.6759232Z","https://ezpost.post.gov.tw/Captcha.ashx"
"captcha_0530.jpg","2410","100","40","aa82ee61957330cbe4b4fd2b7e06fc8ea79d56a237ea9a0fc7ef62bdaca6d2ac","2026-09-12T08:25:58.8989619Z","https://ezpost.post.gov.tw/Captcha.ashx"
"captcha_0531.jpg","2422","100","40","348b90ff9eb53e77e3db60f4757ec8136c70f3232ab84501f2f75a9b704fda52","2026-09-12T08:25:59.1176313Z","https://ezpost.post.gov.tw/Captcha.ashx"
"captcha_0532.jpg","2412","100","40","21c20176da1fa904ca0304fe6c4523136a66530d16cd92758efb2d4ca2eb238e","2026-09-12T08:25:59.3357184Z","https://ezpost.post.gov.tw/Captcha.ashx"
"captcha_0533.jpg","2358","100","40","5c0bb644eddfe2557cdc48cab86ba01108cf56d61c0c1fc18b8e2f39ec709dec","2026-09-12T08:25:59.5547550Z","https://ezpost.post.gov.tw/Captcha.ashx"
"captcha_0534.jpg","2300","100","40","d11117091c68ca9164a735c61f77f4b9cde92964f3c16847972e096dc0786430","2026-09-12T08:25:59.7742160Z","https://ezpost.post.gov.tw/Captcha.ashx"
"captcha_0535.jpg","2543","100","40","55444a73ac2ca79b4b3d68c8790b11792b45504831964ccc43654421e8a1f4be","2026-09-12T08:25:59.9912364Z","https://ezpost.post.gov.tw/Captcha.ashx"
"captcha_0536.jpg","2337","100","40","292b98566b234e2a5ff9b9a56e5e7c70864a9277750bf20d24ff817ae2677b43","2026-09-12T08:26:00.2080814Z","https://ezpost.post.gov.tw/Captcha.ashx"
"captcha_0537.jpg","2654","100","40","4df5480d699a4aed3e2d56f026cd40c630220bbb3ef413a42ac29aa3636b9714","2026-09-12T08:26:00.4282200Z","https://ezpost.post.gov.tw/Captcha.ashx"
"captcha_0538.jpg","2409","100","40","09f6b49fa55d506f267a2d80521d7ce1f0809847b096514a54c677204ac173c1","2026-09-12T08:26:00.6534776Z","https://ezpost.post.gov.tw/Captcha.ashx"
"captcha_0539.jpg","2418","100","40","c416f62c6030ed2e6f04afa919ad9406263d9f77a36041b7e9ff4dd77f7ac247","2026-09-12T08:26:00.8699310Z","https://ezpost.post.gov.tw/Captcha.ashx"
"captcha_0540.jpg","2514","100","40","f7b6774e84d12479b739c22c3dcfb6d4e2142b360008202c23f0f1791031e1b8","2026-09-12T08:26:01.0901834Z","https://ezpost.post.gov.tw/Captcha.ashx"
"captcha_0541.jpg","2474","100","40","cd8d511e5aecf672c4a8b8a8cd071920ec3c85906f4e795fd2ae96ed1f6061ca","2026-09-12T08:26:01.3109126Z","https://ezpost.post.gov.tw/Captcha.ashx"
"captcha_0542.jpg","2517","100","40","f8b5bb71782ee6c9e7b9d3b37634c21ff59c490d00730f39d1c625e8884b2f1f","2026-09-12T08:26:01.5301327Z","https://ezpost.post.gov.tw/Captcha.ashx"
"captcha_0543.jpg","2458","100","40","211d30ecd6d49d86e5c1adb8e3d7a0d4e3e59795a7afec2509aa0432216db3b9","2026-09-12T08:26:01.7491037Z","https://ezpost.post.gov.tw/Captcha.ashx"
"captcha_0544.jpg","2302","100","40","19fb14c33597b4a3c1c76e6760e7275518a3b28b8f8e3f2fee5c5290814665b0","2026-09-12T08:26:01.9789040Z","https://ezpost.post.gov.tw/Captcha.ashx"
"captcha_0545.jpg","2472","100","40","080306e2d0a7020ddf0d407c00a7400adb7fc8e2de40a95d6d8e26f49b0824e4","2026-09-12T08:26:02.1977774Z","https://ezpost.post.gov.tw/Captcha.ashx"
"captcha_0546.jpg","2440","100","40","caac06f1be4c78fb02dcf5b347e467b67ed2066b6f90d9f9e0b5b44487736bc1","2026-09-12T08:26:02.4194460Z","https://ezpost.post.gov.tw/Captcha.ashx"
"captcha_0547.jpg","2288","100","40","9c84736ce0b6f3e79160825e67585e9525bcd24450302c3fd19a1fdc3f7ccb34","2026-09-12T08:26:02.6528127Z","https://ezpost.post.gov.tw/Captcha.ashx"
"captcha_0548.jpg","2275","100","40","7e0c492a9720e92c189ebc1cc303ce4419ddea614425512e55b8b6ec04cd0357","2026-09-12T08:26:02.8716072Z","https://ezpost.post.gov.tw/Captcha.ashx"
"captcha_0549.jpg","2435","100","40","c7fda489f3b2427c4edecb8381a322e8fb978c12982850e23a4f913017f52fe0","2026-09-12T08:26:03.0912609Z","https://ezpost.post.gov.tw/Captcha.ashx"
"captcha_0550.jpg","2385","100","40","d82b3e318f6bbc2dc4f892532d631b7eb724916d8a5ee2e75564c1a145d4ee3a","2026-09-12T08:26:03.3129464Z","https://ezpost.post.gov.tw/Captcha.ashx"
"captcha_0551.jpg","2542","100","40","879eceeb80fa62d12947bf794d8ab26fed62d755d1684f96a1c885cdf8c0fb06","2026-09-12T08:26:03.5390054Z","https://ezpost.post.gov.tw/Captcha.ashx"
"captcha_0552.jpg","2348","100","40","d8057ddfed92dd248972433100f712a3f569996d90f0e7c119ac7dfc1a715190","2026-09-12T08:26:03.7565323Z","https://ezpost.post.gov.tw/Captcha.ashx"
"captcha_0553.jpg","2306","100","40","f9f0dd15e94bab53510a947b27ecf9f13ce019554d11a6cceaaba3810a1daa64","2026-09-12T08:26:03.9795883Z","https://ezpost.post.gov.tw/Captcha.ashx"
"captcha_0554.jpg","2377","100","40","cc6c5da0a3380f2ec7d4c3714d9647f2be346a9fd39e11f7cbb76edd319a5ff5","2026-09-12T08:26:04.2145647Z","https://ezpost.post.gov.tw/Captcha.ashx"
"captcha_0555.jpg","2335","100","40","267a34eb3ebf8121641f88c25ff393f869746008c41bc421aa49c9b010bfc137","2026-09-12T08:26:04.4354356Z","https://ezpost.post.gov.tw/Captcha.ashx"
"captcha_0556.jpg","2317","100","40","2ec3d1d560e838b8b7177d74975c61757ba1ec5988e2047aaa16d1c4580b9cfb","2026-09-12T08:26:04.6612106Z","https://ezpost.post.gov.tw/Captcha.ashx"
"captcha_0557.jpg","2362","100","40","19b0cecf41b8021c50345e26a445baea12ca17fb81f002f928bdbe0d79d0260c","2026-09-12T08:26:04.8809291Z","https://ezpost.post.gov.tw/Captcha.ashx"
"captcha_0558.jpg","2686","100","40","8587ef9cc545001088215ba4aced55ee2c643a904567bb01e644b2936c26bb21","2026-09-12T08:26:05.1015512Z","https://ezpost.post.gov.tw/Captcha.ashx"
"captcha_0559.jpg","2453","100","40","46e601743a68e522547374dc2ec373ef3ce16de6694abd0c5eb536c7c66e3ad7","2026-09-12T08:26:05.3232023Z","https://ezpost.post.gov.tw/Captcha.ashx"
"captcha_0560.jpg","2407","100","40","f210541094dadd3579ca02e90d5dce1c6dda0c7fa299ef2d55cfbc1f18db4723","2026-09-12T08:26:05.5549698Z","https://ezpost.post.gov.tw/Captcha.ashx"
"captcha_0561.jpg","2430","100","40","77229f52298b6871b6b68fe07589af9d4b6a3df9184b4f099fb7c9c8befc57ac","2026-09-12T08:26:05.7764268Z","https://ezpost.post.gov.tw/Captcha.ashx"
"captcha_0562.jpg","2265","100","40","488cada4966dbe8549fabd4776f5afe6e60bbc35348b44d5a751bed6b13bc9b5","2026-09-12T08:26:06.0087198Z","https://ezpost.post.gov.tw/Captcha.ashx"
"captcha_0563.jpg","2403","100","40","e79b2832d7218d5e4e67d9d5f12ca7337a34411d810031c31cb915d689d732d4","2026-09-12T08:26:06.2262574Z","https://ezpost.post.gov.tw/Captcha.ashx"
"captcha_0564.jpg","2743","100","40","94a3c39a934b96a9687f8ad02091031905a4a72d1587f15e76f111c5de2ad250","2026-09-12T08:26:06.4429181Z","https://ezpost.post.gov.tw/Captcha.ashx"
"captcha_0565.jpg","2339","100","40","1f0258c4f00f066694e14eada75942c5a1eec4f4f48628792b1a2761a68cb1f6","2026-09-12T08:26:06.6611895Z","https://ezpost.post.gov.tw/Captcha.ashx"
"captcha_0566.jpg","2410","100","40","d20491b1e9683e9355e7670c021117cff4271655732427a69b9427a086aafd6f","2026-09-12T08:26:06.8924045Z","https://ezpost.post.gov.tw/Captcha.ashx"
"captcha_0567.jpg","2607","100","40","5eb8eb3335bd651cf552f85fdec3c4e722931c53f1630107f3acadf2bdb290f0","2026-09-12T08:26:07.1201149Z","https://ezpost.post.gov.tw/Captcha.ashx"
"captcha_0568.jpg","2328","100","40","ccbd1db6bf6b8a6c18b2f28d7486a4cfee9db1247a8d398ed6205129b8611619","2026-09-12T08:26:07.3546339Z","https://ezpost.post.gov.tw/Captcha.ashx"
"captcha_0569.jpg","2360","100","40","244091c1ffb6694545573097756deba0bf52209970796edfefc6e9ffa1d5647d","2026-09-12T08:26:07.5754514Z","https://ezpost.post.gov.tw/Captcha.ashx"
"captcha_0570.jpg","2752","100","40","568b118155cce62692904799b69244b57ce64e537a34302e244efcb4e7ddc2e1","2026-09-12T08:26:07.7960319Z","https://ezpost.post.gov.tw/Captcha.ashx"
"captcha_0571.jpg","2313","100","40","ab9f30b98f3660bde8de6aade3d322da1ce7b0454fd10f38d3774476815dc25a","2026-09-12T08:26:08.0234864Z","https://ezpost.post.gov.tw/Captcha.ashx"
"captcha_0572.jpg","2748","100","40","84f558c34752b84687abf6c1620b053bd12711312b9c703870826c0bb39680c2","2026-09-12T08:26:08.2406895Z","https://ezpost.post.gov.tw/Captcha.ashx"
"captcha_0573.jpg","2407","100","40","85fd78f69fdcbf06605aeff1d0e9ead3adcdcf8c4dc195a716ee10036aa776d5","2026-09-12T08:26:08.4620004Z","https://ezpost.post.gov.tw/Captcha.ashx"
"captcha_0574.jpg","2860","100","40","b44b427bf58caf96b63f9121a88e0b21535086ed5a71c9f3f4bc9f0d6414507f","2026-09-12T08:26:08.6814847Z","https://ezpost.post.gov.tw/Captcha.ashx"
"captcha_0575.jpg","2580","100","40","ca82f99c019921afb27c7e8d82a966a406ef97aa6936b75b0d96600783a011cb","2026-09-12T08:26:08.8985324Z","https://ezpost.post.gov.tw/Captcha.ashx"
"captcha_0576.jpg","2346","100","40","e3b66bb176214c25781ac5fd9084d21e11427b10786daa5db8ed11e6f4b10061","2026-09-12T08:26:09.1314657Z","https://ezpost.post.gov.tw/Captcha.ashx"
"captcha_0577.jpg","2542","100","40","197c7dd9a20a4911a252c443818428ac22055671ec75f416a4c508405bdae814","2026-09-12T08:26:09.3500887Z","https://ezpost.post.gov.tw/Captcha.ashx"
"captcha_0578.jpg","2831","100","40","39121270f96715156871373eb325fa560e6c396912cf2b543e1af91ce9aa53a2","2026-09-12T08:26:09.5691851Z","https://ezpost.post.gov.tw/Captcha.ashx"
"captcha_0579.jpg","2341","100","40","eb9203b715cfff380f9ac34ad2743e6107fad8356234b195675245adec41a190","2026-09-12T08:26:09.7922112Z","https://ezpost.post.gov.tw/Captcha.ashx"
"captcha_0580.jpg","2395","100","40","89b86ef643be3335e9930e696a91da85b343f38a2d21f1a85c86df5ae9c3da55","2026-09-12T08:26:10.0238513Z","https://ezpost.post.gov.tw/Captcha.ashx"
"captcha_0581.jpg","2375","100","40","04ed17c6f4bb72e86def356a397eda77a0164b1ba2ee61ad26cfb0aa2cd3d5df","2026-09-12T08:26:10.2556758Z","https://ezpost.post.gov.tw/Captcha.ashx"
"captcha_0582.jpg","2262","100","40","608ad2018dd067d55c9e3739ab15a26adb45bf560369b4b795694ba9ec8267a1","2026-09-12T08:26:10.4726466Z","https://ezpost.post.gov.tw/Captcha.ashx"
"captcha_0583.jpg","2447","100","40","49de996a068f536f15056d3c1638853b30bfad296046840df892266d4f003065","2026-09-12T08:26:10.6903862Z","https://ezpost.post.gov.tw/Captcha.ashx"
"captcha_0584.jpg","2347","100","40","82811e130f1dc0ec50c785b477300d0c2addcf4c3ea253ff41c4de0db2a032aa","2026-09-12T08:26:10.9112240Z","https://ezpost.post.gov.tw/Captcha.ashx"
"captcha_0585.jpg","2396","100","40","4de476889b47ae236bf9667299ac52e882992b650a75b2dd3cffd85ed7083ec9","2026-09-12T08:26:11.1309001Z","https://ezpost.post.gov.tw/Captcha.ashx"
"captcha_0586.jpg","2675","100","40","46acb3d750d1c8471d40d5ec330cbdc90da9247d7a4cd831aef8c3d21dba7245","2026-09-12T08:26:11.3476194Z","https://ezpost.post.gov.tw/Captcha.ashx"
"captcha_0587.jpg","2694","100","40","6bea5b6817eea2e707d17412c4f8e698fa96415c1d9b9923aaac9c20e96e981d","2026-09-12T08:26:11.5690395Z","https://ezpost.post.gov.tw/Captcha.ashx"
"captcha_0588.jpg","2545","100","40","015936962206e850b1bf9e4fe9e66c5b13c881c10815d597ca55ec224fc85610","2026-09-12T08:26:11.7898639Z","https://ezpost.post.gov.tw/Captcha.ashx"
"captcha_0589.jpg","2374","100","40","595e6cff500792cb710e235fa3fc0b8d17ad0ae8f64c1f508e82f416fa40cd61","2026-09-12T08:26:12.0218617Z","https://ezpost.post.gov.tw/Captcha.ashx"
"captcha_0590.jpg","2278","100","40","0c3f27b89c31da09f4927692eaee63cd5d6e94d5d7ccaf6762988b08f8831f21","2026-09-12T08:26:12.2399291Z","https://ezpost.post.gov.tw/Captcha.ashx"
"captcha_0591.jpg","3015","100","40","efad6deca53d10f81b537eba7ead66665aaf6ef430fb98bd5e5ba0c94ea9be13","2026-09-12T08:26:12.4610328Z","https://ezpost.post.gov.tw/Captcha.ashx"
"captcha_0592.jpg","2415","100","40","590ec49ff274660898110b1524e6627ad9ebb77e71203e1cb73e7c3db8847b02","2026-09-12T08:26:12.6918086Z","https://ezpost.post.gov.tw/Captcha.ashx"
"captcha_0593.jpg","2422","100","40","0561946d557e54fcf292a65a95fa9d4e3d1b5c5d2d9fd99904e6d5e47d03c275","2026-09-12T08:26:12.9080934Z","https://ezpost.post.gov.tw/Captcha.ashx"
"captcha_0594.jpg","2361","100","40","81744c2706f5488f2cee18ad1cc95f080f4e24a37b139cc18fa3fd94e3d0a1bf","2026-09-12T08:26:13.1312752Z","https://ezpost.post.gov.tw/Captcha.ashx"
"captcha_0595.jpg","2337","100","40","11d9ea122889239134e973f092b0b17fbfb17d7f86b0e07b23cc39fa10e2f6b3","2026-09-12T08:26:13.3472990Z","https://ezpost.post.gov.tw/Captcha.ashx"
"captcha_0596.jpg","2788","100","40","2678ddb54c366ee1c59c2f4686112fc60bd6354f60462d4cfbe8bb5a35061f8c","2026-09-12T08:26:13.5691827Z","https://ezpost.post.gov.tw/Captcha.ashx"
"captcha_0597.jpg","2286","100","40","f5aa3de2cdea6f9cd4dd7593aced38a1997bf5996784f89cb95012deedaeb679","2026-09-12T08:26:13.7882899Z","https://ezpost.post.gov.tw/Captcha.ashx"
"captcha_0598.jpg","2344","100","40","c72d57bfca43f062ca99ae2a1c302ec02018347f360f1a1aa7b7c0fbb2f19ed9","2026-09-12T08:26:14.0085768Z","https://ezpost.post.gov.tw/Captcha.ashx"
"captcha_0599.jpg","2262","100","40","33ffe2b7c5623d7a6e06308f61641b55f2fd52c15c37df960d44657225e82ea8","2026-09-12T08:26:14.2293535Z","https://ezpost.post.gov.tw/Captcha.ashx"
"captcha_0600.jpg","2582","100","40","be97fc7358dfc23584110668b62a0169ef80765f775368fde317158752cd4576","2026-09-12T08:26:14.4631037Z","https://ezpost.post.gov.tw/Captcha.ashx"
"captcha_0601.jpg","2251","100","40","5d04e36313311a3bc0689b6f0408604ac32bf52341bc9e6e33b0dc6ea2c37095","2026-09-12T08:26:14.6981669Z","https://ezpost.post.gov.tw/Captcha.ashx"
"captcha_0602.jpg","2348","100","40","0b537960724d4f16dfc6737b769c3b788b685f7902773ebfa31b15981567df14","2026-09-12T08:26:14.9319443Z","https://ezpost.post.gov.tw/Captcha.ashx"
"captcha_0603.jpg","2412","100","40","0c2ef8f9f21df27e0c33415e145cbf4421cb3c4aa1cfeae0b739a93f30899082","2026-09-12T08:26:15.1495366Z","https://ezpost.post.gov.tw/Captcha.ashx"
"captcha_0604.jpg","2652","100","40","601c32d0b384e85e305912e60fd21234ce0240f5da7f9e8f4725b0feec1f94d2","2026-09-12T08:26:15.3801981Z","https://ezpost.post.gov.tw/Captcha.ashx"
"captcha_0605.jpg","2349","100","40","42232356e1e5e5fe233523542f5fe17ab00e5a809177c3c80e4227e2dc20ba9a","2026-09-12T08:26:15.5990877Z","https://ezpost.post.gov.tw/Captcha.ashx"
"captcha_0606.jpg","2295","100","40","6c9a6d4c3477bd8793092f5ff392453fb38a3cf105b9afcfc62038c0333133ed","2026-09-12T08:26:15.8194372Z","https://ezpost.post.gov.tw/Captcha.ashx"
"captcha_0607.jpg","2235","100","40","64d65ef5b42ca91dde858e35f6e424ec1513f58db21ccbcc69366f0b98cc0012","2026-09-12T08:26:16.0516338Z","https://ezpost.post.gov.tw/Captcha.ashx"
"captcha_0608.jpg","2516","100","40","982e75c49c0cffcb9b46846e99f57eaf0792298e6054af62bb2c4a17b69cbb08","2026-09-12T08:26:16.2812584Z","https://ezpost.post.gov.tw/Captcha.ashx"
"captcha_0609.jpg","2711","100","40","f17ce4a7743bba8d697252a721bec3f9a60849fbf73f5259c68fd8d35bf1bb4e","2026-09-12T08:26:16.5075448Z","https://ezpost.post.gov.tw/Captcha.ashx"
"captcha_0610.jpg","2380","100","40","e9f7bb05e21b6e2292725586adf48bb6020d67045e082ec76bd65b60dcd6118e","2026-09-12T08:26:16.7290228Z","https://ezpost.post.gov.tw/Captcha.ashx"
"captcha_0611.jpg","2356","100","40","99db5eb92f05f71691e6daafd64366fc9a2eee446abb67b40ec5e668a49bbeb7","2026-09-12T08:26:16.9497289Z","https://ezpost.post.gov.tw/Captcha.ashx"
"captcha_0612.jpg","2365","100","40","c332ff7ea743a24d5fa787d8c027dbfd863195a3078b5ef7a4f42f566935c063","2026-09-12T08:26:17.1657158Z","https://ezpost.post.gov.tw/Captcha.ashx"
"captcha_0613.jpg","2325","100","40","24eda9838416edd64c7f9334cb3ef87a18bde472826de4d939f63134fceb82d7","2026-09-12T08:26:17.3862877Z","https://ezpost.post.gov.tw/Captcha.ashx"
"captcha_0614.jpg","2369","100","40","d7a0924e7e91b924a07410b727e84cd63043dcc87ff5ec506498a72e96776166","2026-09-12T08:26:17.6195715Z","https://ezpost.post.gov.tw/Captcha.ashx"
"captcha_0615.jpg","2451","100","40","860d3988fad78d3013e28722dee928907ddfed15eb17989a6022a02dbdc17172","2026-09-12T08:26:17.8385713Z","https://ezpost.post.gov.tw/Captcha.ashx"
"captcha_0616.jpg","2744","100","40","00d5a252f34bbf2da70a970952130f3b153f35cdf47102ba513b3f15759cddbc","2026-09-12T08:26:18.0553215Z","https://ezpost.post.gov.tw/Captcha.ashx"
"captcha_0617.jpg","2304","100","40","c894e571b3d6bc48502aa8e819ad596f75d43771d1878b74d7e67d9f049796a3","2026-09-12T08:26:18.2759073Z","https://ezpost.post.gov.tw/Captcha.ashx"
"captcha_0618.jpg","2249","100","40","06c297d20c3b6fdb73b6c19dbd2eced39092813e166e11e8f9f2e4945aa13d6a","2026-09-12T08:26:18.5098694Z","https://ezpost.post.gov.tw/Captcha.ashx"
"captcha_0619.jpg","2396","100","40","3289f07cec7f70c9db800a98c338afd442f71b966d2da5cc5c5117e17dd7cf99","2026-09-12T08:26:18.7456529Z","https://ezpost.post.gov.tw/Captcha.ashx"
"captcha_0620.jpg","2517","100","40","fbab1af196d6c0921adf5d2def1be25b55db924df23cebb5e6c64cb1f18962f1","2026-09-12T08:26:18.9744222Z","https://ezpost.post.gov.tw/Captcha.ashx"
"captcha_0621.jpg","2543","100","40","ee716e5a7c97068a1207436660269b1ec41409f4494633c4514419cdfbdc5499","2026-09-12T08:26:19.2021116Z","https://ezpost.post.gov.tw/Captcha.ashx"
"captcha_0622.jpg","2394","100","40","43f369e5e63cb56e7d1a0ca009091a734171b8a85634f054f34af50fe27e5c96","2026-09-12T08:26:19.4364876Z","https://ezpost.post.gov.tw/Captcha.ashx"
"captcha_0623.jpg","2592","100","40","a7d6a92ddafe53b4ff9a76ea52cd90a16a799b613b35f840364cf8147674a935","2026-09-12T08:26:19.6693046Z","https://ezpost.post.gov.tw/Captcha.ashx"
"captcha_0624.jpg","2353","100","40","9f26ebea03a2ad5f0fb6398e5be5d34fcdb4cc0c8c75080ec420eadc7a8f9505","2026-09-12T08:26:19.8880268Z","https://ezpost.post.gov.tw/Captcha.ashx"
"captcha_0625.jpg","2336","100","40","198069b0e9cf34a94faebb6c33c128f2f86f39347fc92c71445e40f73424c963","2026-09-12T08:26:20.1064146Z","https://ezpost.post.gov.tw/Captcha.ashx"
"captcha_0626.jpg","2378","100","40","b8f9d9efb6d2c597c38ef97771721458f0562fbd5ab774b27a90429d03b09821","2026-09-12T08:26:20.3386266Z","https://ezpost.post.gov.tw/Captcha.ashx"
"captcha_0627.jpg","2836","100","40","911220ee65a0c831c9658c50868559f057f178f2a9c6ee818fbcdb467f543f82","2026-09-12T08:26:20.5711850Z","https://ezpost.post.gov.tw/Captcha.ashx"
"captcha_0628.jpg","2945","100","40","019a7ae431f6276d5ffa4690d2ae80474aaac1432606fb34fe26695b43f1a8e0","2026-09-12T08:26:20.7921173Z","https://ezpost.post.gov.tw/Captcha.ashx"
"captcha_0629.jpg","2293","100","40","066ab62ba595284ffcc9f469f58a7191eaa7316204907de7924fe91e629dff0d","2026-09-12T08:26:21.0260905Z","https://ezpost.post.gov.tw/Captcha.ashx"
"captcha_0630.jpg","2613","100","40","d9f59ac15347069d1c2b817307d99dfbb53bf479bb5febb0492a4b6521f1628e","2026-09-12T08:26:21.2473389Z","https://ezpost.post.gov.tw/Captcha.ashx"
"captcha_0631.jpg","2864","100","40","e1c9de3ccd72445fba2436d92643c44208308333ee0cd336b6b44e7d91866a4c","2026-09-12T08:26:21.4803824Z","https://ezpost.post.gov.tw/Captcha.ashx"
"captcha_0632.jpg","2611","100","40","77aea39f4dde6521efc4f9363defe07740447a9f122b084ab699aafef502a2a4","2026-09-12T08:26:21.7135674Z","https://ezpost.post.gov.tw/Captcha.ashx"
"captcha_0633.jpg","2280","100","40","94244ae6bdeb45b89767a6a2804a0c507a127ef1a03577410399bf8750399a41","2026-09-12T08:26:21.9298208Z","https://ezpost.post.gov.tw/Captcha.ashx"
"captcha_0634.jpg","2379","100","40","c1e48f248f02b83461c8f0b7f71eb5b27109a5e2ea9213408bcd114a3c206813","2026-09-12T08:26:22.1536397Z","https://ezpost.post.gov.tw/Captcha.ashx"
"captcha_0635.jpg","2841","100","40","4043d305e70e67880e5991d841e4c9c75b3c260fb1f8cbb47a1d477f4ba9c2de","2026-09-12T08:26:22.3819594Z","https://ezpost.post.gov.tw/Captcha.ashx"
"captcha_0636.jpg","2381","100","40","f30f1c3365c56a0c0a12dde111901ea72500bce3625d55fc20ddb98a335aeb65","2026-09-12T08:26:22.6017131Z","https://ezpost.post.gov.tw/Captcha.ashx"
"captcha_0637.jpg","2862","100","40","6ef50b2a65f482253f969d0633b0aee4d22d69fd326b8e5d360928d00e8818b5","2026-09-12T08:26:22.8243629Z","https://ezpost.post.gov.tw/Captcha.ashx"
"captcha_0638.jpg","2395","100","40","250fbd286372a56320cb5bd6bc8d476d47c13e0ae54bceb050ab4e35686db463","2026-09-12T08:26:23.0543973Z","https://ezpost.post.gov.tw/Captcha.ashx"
"captcha_0639.jpg","2270","100","40","6641b4c2dc72749e172d5f28cae1079139bab589fecdd1487f74b59023970ecb","2026-09-12T08:26:23.2747346Z","https://ezpost.post.gov.tw/Captcha.ashx"
"captcha_0640.jpg","2995","100","40","14cacd95d323ebd560c1cbad9f02ae4e6caa418f2c4ee3013d47b31ebd80b92f","2026-09-12T08:26:23.4942119Z","https://ezpost.post.gov.tw/Captcha.ashx"
"captcha_0641.jpg","2698","100","40","4208a217aea290c2c20d5ca9649c4b7451ccc624d8474667df29e473e0883d38","2026-09-12T08:26:23.7128251Z","https://ezpost.post.gov.tw/Captcha.ashx"
"captcha_0642.jpg","2969","100","40","cb7c41a25054edd6a87a788175c0fe533d96ff62da0accb928501570b0c9c4d9","2026-09-12T08:26:23.9347768Z","https://ezpost.post.gov.tw/Captcha.ashx"
"captcha_0643.jpg","2548","100","40","8e686d55d9a4cbcad398c919abcc5c783c13d6861355eb1b2ce94be8b12e9e12","2026-09-12T08:26:24.1567112Z","https://ezpost.post.gov.tw/Captcha.ashx"
"captcha_0644.jpg","2269","100","40","15836aa535fca4f44f0854660717ed624f918684903cff240f21df04991aed6a","2026-09-12T08:26:24.3886354Z","https://ezpost.post.gov.tw/Captcha.ashx"
"captcha_0645.jpg","2312","100","40","5eb58fde6dbbef47b7b71b0ceff54d1d9dd096b1bbcff51a84f1015fe4581dac","2026-09-12T08:26:24.6075112Z","https://ezpost.post.gov.tw/Captcha.ashx"
"captcha_0646.jpg","2707","100","40","c6b13db096324c5c5793248bc0c91565e7d458993e044504ce91ed70add376fc","2026-09-12T08:26:24.8246868Z","https://ezpost.post.gov.tw/Captcha.ashx"
"captcha_0647.jpg","2354","100","40","413279ccd38ca573270ba00261fbb6145f29853354f60e5790b65f039399e8d9","2026-09-12T08:26:25.0419464Z","https://ezpost.post.gov.tw/Captcha.ashx"
"captcha_0648.jpg","2434","100","40","2dab1c24887d2edcbc3032ea0f7cb8fac0e1ddb3b5832af68b16770a45083ed7","2026-09-12T08:26:25.2604168Z","https://ezpost.post.gov.tw/Captcha.ashx"
"captcha_0649.jpg","2425","100","40","fd195237eadf478d7e88eb2eb86e671fe0ad4e54aaaad0050b8054a906ea4dcc","2026-09-12T08:26:25.4780248Z","https://ezpost.post.gov.tw/Captcha.ashx"
"captcha_0650.jpg","2288","100","40","59c7e2342b0575e33ef02555bc2996c8c5597f2d0f5a5094bc08ba09ad2dc219","2026-09-12T08:26:25.6961262Z","https://ezpost.post.gov.tw/Captcha.ashx"
"captcha_0651.jpg","2286","100","40","79512039f987eb7d1477a307cafb93dc02807464beea623c5b445098d02c94fe","2026-09-12T08:26:25.9183920Z","https://ezpost.post.gov.tw/Captcha.ashx"
"captcha_0652.jpg","2337","100","40","cfe11f4531b4d65e61c29e106aa29d79581d3c67641e3d6b45583da2045b1ffd","2026-09-12T08:26:26.1362286Z","https://ezpost.post.gov.tw/Captcha.ashx"
"captcha_0653.jpg","2945","100","40","57030363d61aa2dd39b7cee62c6ef123c7f355bbc3395d10158261c066b0ee61","2026-09-12T08:26:26.3557724Z","https://ezpost.post.gov.tw/Captcha.ashx"
"captcha_0654.jpg","2338","100","40","0e9cb111ebeb75fd55310a94502d6afac42e345808b139f0f7486557c8beb220","2026-09-12T08:26:26.5732593Z","https://ezpost.post.gov.tw/Captcha.ashx"
"captcha_0655.jpg","2415","100","40","f6324c56c9e1b4a633f20d573cdf085c81f1a5e54e00264c8db75a8cb0790856","2026-09-12T08:26:26.7922610Z","https://ezpost.post.gov.tw/Captcha.ashx"
"captcha_0656.jpg","2599","100","40","d595518972631355ad22cd897fec1971fc4ba1de866c7e37d558f2e58dc25741","2026-09-12T08:26:27.1464929Z","https://ezpost.post.gov.tw/Captcha.ashx"
"captcha_0657.jpg","2366","100","40","8b4c3f17b55416e4c29c6e7d34373d7c3d62e238d0884b7c64de4c025a545167","2026-09-12T08:26:27.3715979Z","https://ezpost.post.gov.tw/Captcha.ashx"
"captcha_0658.jpg","2359","100","40","bc4b7286dcf3ea76565e5f2c20fc4d3f330d301f6c56d8441abd5cd7c9d7a107","2026-09-12T08:26:27.5891424Z","https://ezpost.post.gov.tw/Captcha.ashx"
"captcha_0659.jpg","2950","100","40","dd72d7239ea617adf44de0278ec14e5acf250f4e244186d0a0d888004578a2db","2026-09-12T08:26:27.8102546Z","https://ezpost.post.gov.tw/Captcha.ashx"
"captcha_0660.jpg","2658","100","40","821dfbb31007c904b9e9690029a9cca28b2d99d0c75c5dc71a8a6116bc2e5600","2026-09-12T08:26:28.0403999Z","https://ezpost.post.gov.tw/Captcha.ashx"
"captcha_0661.jpg","2570","100","40","b3031aa73bc76daf4f947be2e1ff0c1a9b1e868215df6e504fb5b6238d475656","2026-09-12T08:26:28.2626416Z","https://ezpost.post.gov.tw/Captcha.ashx"
"captcha_0662.jpg","2529","100","40","2d567d3e4863bb910dab9523385cacffac3d1a477c0565b7f6ca189a5b056431","2026-09-12T08:26:28.4937885Z","https://ezpost.post.gov.tw/Captcha.ashx"
"captcha_0663.jpg","2459","100","40","4d353642fe6420d9b69ad235424c3c40bd148004d16dda63e354b9f4c28e83ea","2026-09-12T08:26:28.7124758Z","https://ezpost.post.gov.tw/Captcha.ashx"
"captcha_0664.jpg","2382","100","40","bd75b61899b3a8423f63054dc797cec9635e334b5e978a984aa08543759b9a10","2026-09-12T08:26:28.9334193Z","https://ezpost.post.gov.tw/Captcha.ashx"
"captcha_0665.jpg","2589","100","40","deeea380369908329ea8a56d0a40f8021d8903d6b7095f49064c0dfbda05d21b","2026-09-12T08:26:29.1531915Z","https://ezpost.post.gov.tw/Captcha.ashx"
"captcha_0666.jpg","2552","100","40","b1d14a8c52436cc32d09d8436bce60c232578f4610cdfe45cf608e5e11dad308","2026-09-12T08:26:29.3684960Z","https://ezpost.post.gov.tw/Captcha.ashx"
"captcha_0667.jpg","2277","100","40","371b626296637abb8ed5a43e43e96b83b0a64009471450c2b2abdc034092573a","2026-09-12T08:26:29.5946299Z","https://ezpost.post.gov.tw/Captcha.ashx"
"captcha_0668.jpg","2322","100","40","188e70ac2fe5a36a31301a798986d8b0ab7470a51d52e99061615b43049a7b41","2026-09-12T08:26:29.8254208Z","https://ezpost.post.gov.tw/Captcha.ashx"
"captcha_0669.jpg","2368","100","40","491804fbbfda236d577547da295e5ec16e3a60a43976a9047c65e6a5a9545df5","2026-09-12T08:26:30.0564304Z","https://ezpost.post.gov.tw/Captcha.ashx"
"captcha_0670.jpg","2524","100","40","e5580c58a47f66e921a7ebf4d2f35918926c7a8682f3085aecd781a5db62432c","2026-09-12T08:26:30.2865605Z","https://ezpost.post.gov.tw/Captcha.ashx"
"captcha_0671.jpg","2487","100","40","9d4234f96b7a867c68392674f1c6f990618f9d17b4ac84cbd958d844a0f136bb","2026-09-12T08:26:30.5096666Z","https://ezpost.post.gov.tw/Captcha.ashx"
"captcha_0672.jpg","2242","100","40","880366c11ec40e20f2beee65a1f7ac3f9dbc92a693ae2273d599b21df64abaaf","2026-09-12T08:26:30.7273120Z","https://ezpost.post.gov.tw/Captcha.ashx"
"captcha_0673.jpg","2780","100","40","0aaed6a461461a2e6cc8c46aacf3bfebf614164a30c2ddf36f4e1b52a40865c0","2026-09-12T08:26:30.9511090Z","https://ezpost.post.gov.tw/Captcha.ashx"
"captcha_0674.jpg","2269","100","40","0f498180cf467287195dd5883782f2fd02b5fd8bd28e888fcea13a4e9f3fceff","2026-09-12T08:26:31.1709191Z","https://ezpost.post.gov.tw/Captcha.ashx"
"captcha_0675.jpg","2326","100","40","0cfb17089d6700dbaab993375941f002ed934a392114b0d4c6abf9ed8e90e904","2026-09-12T08:26:31.3868752Z","https://ezpost.post.gov.tw/Captcha.ashx"
"captcha_0676.jpg","2653","100","40","50a7ed46f4714bc37a6d18eed2064f8c6cbd6178a9fc92475861f49370edbb17","2026-09-12T08:26:31.6208050Z","https://ezpost.post.gov.tw/Captcha.ashx"
"captcha_0677.jpg","2307","100","40","4e2b41c0116a6aa8ecef24a500dc14e220826d71f006b7e44ba1db50f6cc025a","2026-09-12T08:26:31.8552560Z","https://ezpost.post.gov.tw/Captcha.ashx"
"captcha_0678.jpg","2761","100","40","eb7283cedd348c4a9695009452b4d5afb64ca9fd16c73b09540efd2983019a28","2026-09-12T08:26:32.0734340Z","https://ezpost.post.gov.tw/Captcha.ashx"
"captcha_0679.jpg","2573","100","40","6eae228fcff86815e2e5506a3ed7639a71abefad800c40a09763119a3d885905","2026-09-12T08:26:32.3057673Z","https://ezpost.post.gov.tw/Captcha.ashx"
"captcha_0680.jpg","2412","100","40","414e3926d1a323339abe13eb8a281e6e3f8a035a463adcfc84abd61fe4e30c10","2026-09-12T08:26:32.5407062Z","https://ezpost.post.gov.tw/Captcha.ashx"
"captcha_0681.jpg","2316","100","40","c0cffda4c684055d0e65f700ec3d878440323d180b2606e0c70bddfd533a72c0","2026-09-12T08:26:32.7592062Z","https://ezpost.post.gov.tw/Captcha.ashx"
"captcha_0682.jpg","2791","100","40","d2a81c7c2a78627c2a8aa6a41b7d70843e2670085255f58782af98241dbde971","2026-09-12T08:26:32.9764047Z","https://ezpost.post.gov.tw/Captcha.ashx"
"captcha_0683.jpg","2225","100","40","e72adb2a0f3ab6809cd3b5789e5f9b6df805f970ea09550ddb36234a87a163b1","2026-09-12T08:26:33.1951256Z","https://ezpost.post.gov.tw/Captcha.ashx"
"captcha_0684.jpg","2785","100","40","21f9773ae56971b2b45ddc34666549c90c69740ec0d1edc0d4e680f543c3bae9","2026-09-12T08:26:33.4108842Z","https://ezpost.post.gov.tw/Captcha.ashx"
"captcha_0685.jpg","2395","100","40","ae88ca1b385c2d93842b4a4ae271f04f6750184911a314b33cb8c953249ec9cf","2026-09-12T08:26:33.6318251Z","https://ezpost.post.gov.tw/Captcha.ashx"
"captcha_0686.jpg","2614","100","40","506da6155813ae2f0d03b1874812e01d5cb610f3918a27ef27d5db388ef7c952","2026-09-12T08:26:33.8536909Z","https://ezpost.post.gov.tw/Captcha.ashx"
"captcha_0687.jpg","2287","100","40","b51105b7b105abfec89053a1de1a30044e322523ad73472a59b0f3f6b3aa5c33","2026-09-12T08:26:34.0724219Z","https://ezpost.post.gov.tw/Captcha.ashx"
"captcha_0688.jpg","2442","100","40","5254e0df4150db3841abd1158f03be5808bcd96586b0c5369cedbe7cc6ec4ca0","2026-09-12T08:26:34.2932526Z","https://ezpost.post.gov.tw/Captcha.ashx"
"captcha_0689.jpg","2313","100","40","674739113a1273f5e88a730016e4bc31d255c3a9ca537e3a7027b029e744fb2c","2026-09-12T08:26:34.5258921Z","https://ezpost.post.gov.tw/Captcha.ashx"
"captcha_0690.jpg","2283","100","40","093be0d124d759c87c8e57a1299d2d03b2addac8d55384e1b91c1fba62832741","2026-09-12T08:26:34.7443801Z","https://ezpost.post.gov.tw/Captcha.ashx"
"captcha_0691.jpg","2843","100","40","b02afbde3926cb66f861cc023277aacbe524a58ee3e479b1230b4ed83e260cbf","2026-09-12T08:26:34.9596377Z","https://ezpost.post.gov.tw/Captcha.ashx"
"captcha_0692.jpg","2371","100","40","7868883486cb031d4188e9a1ba1b37f3ca755a5cfa89079bc10569d6645c09a2","2026-09-12T08:26:35.1808093Z","https://ezpost.post.gov.tw/Captcha.ashx"
"captcha_0693.jpg","2348","100","40","1c4f18eeb7d7f75f880148e4bc26fc8c4a8d071f590fddafebf34600f53fbc61","2026-09-12T08:26:35.4009416Z","https://ezpost.post.gov.tw/Captcha.ashx"
"captcha_0694.jpg","2293","100","40","b8e43b4a46be74b56a85e3574f8b5a2618986b6c1c9500e6119a315772f9aa1c","2026-09-12T08:26:35.6207138Z","https://ezpost.post.gov.tw/Captcha.ashx"
"captcha_0695.jpg","2458","100","40","54e1bdc5d035542e75cfacf168916e89107793de9951367ca6e3b060c05b1e0c","2026-09-12T08:26:35.8414003Z","https://ezpost.post.gov.tw/Captcha.ashx"
"captcha_0696.jpg","2328","100","40","2dd521c0187104b2be4b81d0454f22578dab807c51d434be05b00db0e8998c30","2026-09-12T08:26:36.0734392Z","https://ezpost.post.gov.tw/Captcha.ashx"
"captcha_0697.jpg","2418","100","40","d261d3e9c8ec0c9915b7d5128fb1b542a16ace277007555e03a43958eb3fa356","2026-09-12T08:26:36.3053953Z","https://ezpost.post.gov.tw/Captcha.ashx"
"captcha_0698.jpg","2503","100","40","b22c982f0615f6076519bfb37773a4e86b3d71a053e6cba0722712470066e70c","2026-09-12T08:26:36.5285240Z","https://ezpost.post.gov.tw/Captcha.ashx"
"captcha_0699.jpg","2986","100","40","94edb84ad258d6150f78aeac0e6b02a8b7f75d965e20109462433cd40211508a","2026-09-12T08:26:36.7473980Z","https://ezpost.post.gov.tw/Captcha.ashx"
"captcha_0700.jpg","2399","100","40","ca0eb428354ad43c8759fcb7737fe05796dd78870dd9c02716baea9c4a42413c","2026-09-12T08:26:36.9664941Z","https://ezpost.post.gov.tw/Captcha.ashx"
"captcha_0701.jpg","2634","100","40","e682eb4e3075741050257bb18597e14994171f3621ebea527201bee8dcf11f22","2026-09-12T08:26:37.2064009Z","https://ezpost.post.gov.tw/Captcha.ashx"
"captcha_0702.jpg","2963","100","40","a0b2f0607e422c7a41edfec88a8003a0418b0546897f346dd5cc8ae84f63f999","2026-09-12T08:26:37.4420864Z","https://ezpost.post.gov.tw/Captcha.ashx"
"captcha_0703.jpg","2428","100","40","28d241b830eb50e779e37dd6f2716744accfda8cfa05c7409d23588cbad62958","2026-09-12T08:26:37.6648058Z","https://ezpost.post.gov.tw/Captcha.ashx"
"captcha_0704.jpg","2297","100","40","211b6e998bfa2ca4a017d854cdcd21f2a72593d5deee99901e4c0aa7938f4abb","2026-09-12T08:26:37.8855083Z","https://ezpost.post.gov.tw/Captcha.ashx"
"captcha_0705.jpg","2524","100","40","224b4d0552a7d63a1ccb602207f44b76ad0421c64d18d21fdb18f339ab6cfda9","2026-09-12T08:26:38.1196245Z","https://ezpost.post.gov.tw/Captcha.ashx"
"captcha_0706.jpg","2618","100","40","f447495cb2fcfdc4ec2dee4af99c47fc5bff8ea75a8481e256cde14785ec433f","2026-09-12T08:26:38.3422196Z","https://ezpost.post.gov.tw/Captcha.ashx"
"captcha_0707.jpg","2423","100","40","142aed07b347be6c0aae89418ad3e5ef2d3244390c7a3d213a12cc4c6bd8abf5","2026-09-12T08:26:38.5734337Z","https://ezpost.post.gov.tw/Captcha.ashx"
"captcha_0708.jpg","2891","100","40","21fe8768952f58457a717c5086eb33a727a9b926ab841ad0adb21cef16e733ab","2026-09-12T08:26:38.8090386Z","https://ezpost.post.gov.tw/Captcha.ashx"
"captcha_0709.jpg","2565","100","40","0abc3c940a802259b44f592fdffd639870291bff9909e9407a32c4480a02b741","2026-09-12T08:26:39.0297985Z","https://ezpost.post.gov.tw/Captcha.ashx"
"captcha_0710.jpg","2418","100","40","169b1114a826b1c576ce2052fb20e7ca447e12dcecdda1a64e7d882148c4d765","2026-09-12T08:26:39.2611184Z","https://ezpost.post.gov.tw/Captcha.ashx"
"captcha_0711.jpg","2373","100","40","8d958411f0405294820b2ce798e1c5a14573ee98fc2ca08b84266a802ed9ec6d","2026-09-12T08:26:39.4962139Z","https://ezpost.post.gov.tw/Captcha.ashx"
"captcha_0712.jpg","2291","100","40","1ddb6f98b4443be2e52949fc012f70d549d187883266319e4411f7ba1d3b5e9f","2026-09-12T08:26:39.7276197Z","https://ezpost.post.gov.tw/Captcha.ashx"
"captcha_0713.jpg","2257","100","40","f801b1a2b3a16170e2fcc4cb6881984ade1d092bd33000d5ce1afe1d1935a763","2026-09-12T08:26:39.9470325Z","https://ezpost.post.gov.tw/Captcha.ashx"
"captcha_0714.jpg","2376","100","40","ab535d9cfcff96fd8bb072667b4063a9a8abd26711da0d161c3a9a6500f76342","2026-09-12T08:26:40.1609297Z","https://ezpost.post.gov.tw/Captcha.ashx"
"captcha_0715.jpg","2390","100","40","d2f652f7b488811592a0536f836f582371cee394caa78111f66bb29bd38797c7","2026-09-12T08:26:40.3826793Z","https://ezpost.post.gov.tw/Captcha.ashx"
"captcha_0716.jpg","2449","100","40","25d7bf229568493ae0ea95c7328b43a1f22a24d57d0809bb84bb00c4f42b914a","2026-09-12T08:26:40.5999431Z","https://ezpost.post.gov.tw/Captcha.ashx"
"captcha_0717.jpg","2531","100","40","fa2b98218f954d3030f727a531d7a315bac310c189a0e9592105a6e2ebd1e9a8","2026-09-12T08:26:40.8246929Z","https://ezpost.post.gov.tw/Captcha.ashx"
"captcha_0718.jpg","2322","100","40","619b8c907b53680eb58b4af74c7552fd1e8db817c8f8575992da450f0c951d9f","2026-09-12T08:26:41.0556952Z","https://ezpost.post.gov.tw/Captcha.ashx"
"captcha_0719.jpg","2513","100","40","9dff7138ca7181b901ca12ebf3729f7099af7331291b1c37ddc238186bcb08b5","2026-09-12T08:26:41.2744645Z","https://ezpost.post.gov.tw/Captcha.ashx"
"captcha_0720.jpg","2861","100","40","a9b458613a8bb5c6360172b8eb6f301bdecced85d5ceb9a4a6cb9e658c5b0ed1","2026-09-12T08:26:41.4920855Z","https://ezpost.post.gov.tw/Captcha.ashx"
"captcha_0721.jpg","2420","100","40","af4b4c6749f19e2714d891f734d22739621701fc6a6121e77f1212cbbc3d06fb","2026-09-12T08:26:41.7120644Z","https://ezpost.post.gov.tw/Captcha.ashx"
"captcha_0722.jpg","2278","100","40","dc2313ac48811f098e375eeb7bfc2cc55f8a59b61ae8dc008ff7fa6c30259384","2026-09-12T08:26:41.9322562Z","https://ezpost.post.gov.tw/Captcha.ashx"
"captcha_0723.jpg","2992","100","40","0dd730ec7336c2e4c581bf1af60519ba5d5bb6359c911778ae8f7f32f109e016","2026-09-12T08:26:42.1513860Z","https://ezpost.post.gov.tw/Captcha.ashx"
"captcha_0724.jpg","2420","100","40","c1f4d2b52235b68511c3d385e781b91feba43b7892e932c5f1d941129d1ac0c9","2026-09-12T08:26:42.3827284Z","https://ezpost.post.gov.tw/Captcha.ashx"
"captcha_0725.jpg","2536","100","40","28a1d1bb18e39bb60ee069c5cae48fa64c3782b805fd4029f0367da5035d6f91","2026-09-12T08:26:42.6021519Z","https://ezpost.post.gov.tw/Captcha.ashx"
"captcha_0726.jpg","2392","100","40","b13f03b6586cb002bb10ca17cba9d918213f5b9ac70dd5033cc0e65e5b9321d6","2026-09-12T08:26:42.8389591Z","https://ezpost.post.gov.tw/Captcha.ashx"
"captcha_0727.jpg","2369","100","40","dbecf57bffc948be84df360dbb9d3c726afb3221ecb850ab37fca51cd1f06b33","2026-09-12T08:26:43.0679974Z","https://ezpost.post.gov.tw/Captcha.ashx"
"captcha_0728.jpg","2408","100","40","fa21457bc2bd8ef2d2b1b31854354655d4b4bbbe76765c55d35103b2902f9d6c","2026-09-12T08:26:43.2903833Z","https://ezpost.post.gov.tw/Captcha.ashx"
"captcha_0729.jpg","2652","100","40","c566a04ebcf7022228e305a01a714be65522c62846bdc6ddc0b70139b9f482fa","2026-09-12T08:26:43.5081087Z","https://ezpost.post.gov.tw/Captcha.ashx"
"captcha_0730.jpg","2439","100","40","589bf580c223ea244fa91d39f605971dd970a4d325d7acf6a1b8a9a06d98d4e9","2026-09-12T08:26:43.7518605Z","https://ezpost.post.gov.tw/Captcha.ashx"
"captcha_0731.jpg","2681","100","40","bdb2cfa7c6de07a0570a11fa23a0264404f9a0f47d20507da61174b005b76a23","2026-09-12T08:26:43.9766314Z","https://ezpost.post.gov.tw/Captcha.ashx"
"captcha_0732.jpg","2484","100","40","ff35639da1479e057db76ad1d4cbe0390ce9778683af9be5cf0feb5d216f62be","2026-09-12T08:26:44.1941250Z","https://ezpost.post.gov.tw/Captcha.ashx"
"captcha_0733.jpg","2348","100","40","c67e8c367317fb7e6ff034b74f911dda675162a672cf5f860cdc435a13e603b9","2026-09-12T08:26:44.4135778Z","https://ezpost.post.gov.tw/Captcha.ashx"
"captcha_0734.jpg","2960","100","40","276043629d647cdeee6ba5b91c4a452d8e0e3da557bbeee61c01071640dc575d","2026-09-12T08:26:44.6317557Z","https://ezpost.post.gov.tw/Captcha.ashx"
"captcha_0735.jpg","2586","100","40","ab2bcd24b66aef4d635f9ec31af4ec4fbc34ee66dd36d50c71f584c2d9121a44","2026-09-12T08:26:44.8535141Z","https://ezpost.post.gov.tw/Captcha.ashx"
"captcha_0736.jpg","2732","100","40","9ee626cfda1950bd7035f9ac7c96e08e02a0543780134cfce1ebfb74eba351cc","2026-09-12T08:26:45.0744926Z","https://ezpost.post.gov.tw/Captcha.ashx"
"captcha_0737.jpg","2366","100","40","7877d9e71df8b27d1fe0ce91668a66d8e6eabddb7e5947685a6797a863e0b610","2026-09-12T08:26:45.3033690Z","https://ezpost.post.gov.tw/Captcha.ashx"
"captcha_0738.jpg","2350","100","40","53c1d7454497cba30a92329e7f587716fee5db5e9a115877daf4d00214494fb1","2026-09-12T08:26:45.5242708Z","https://ezpost.post.gov.tw/Captcha.ashx"
"captcha_0739.jpg","2351","100","40","4151007223212649b6e3eed634b8ba42ed06423a41415d77e9373847b4c9c0e0","2026-09-12T08:26:45.7396425Z","https://ezpost.post.gov.tw/Captcha.ashx"
"captcha_0740.jpg","2433","100","40","602ec570c7afb201b34669f5c00d77b93b4b9c16a3e2920643d2671a8376f2e2","2026-09-12T08:26:45.9605608Z","https://ezpost.post.gov.tw/Captcha.ashx"
"captcha_0741.jpg","2952","100","40","9f2f9b0e92e494cdff79a25dd2e4bb8dd61927d66882786dfdd9cb16f62b5581","2026-09-12T08:26:46.1755054Z","https://ezpost.post.gov.tw/Captcha.ashx"
"captcha_0742.jpg","2498","100","40","b7c47f37b607b6f2b150721a6a5d565cc4eb78b8bbd812764fd4c5ce1824214a","2026-09-12T08:26:46.3980927Z","https://ezpost.post.gov.tw/Captcha.ashx"
"captcha_0743.jpg","2440","100","40","b898c9f43e0acf5ffddf402f44d33312412f5ef0318b105fc921c3aeb189c106","2026-09-12T08:26:46.6159155Z","https://ezpost.post.gov.tw/Captcha.ashx"
"captcha_0744.jpg","2314","100","40","f4f4d4555dffc75e7c31fd178b262c6e3e2107ba2fe96529aa0d29564c19dd34","2026-09-12T08:26:46.8371299Z","https://ezpost.post.gov.tw/Captcha.ashx"
"captcha_0745.jpg","2926","100","40","0296f14bc5cc43ee914d88ae5ed6143af8190ba0798ec205687ac6e4cfa7593e","2026-09-12T08:26:47.0565629Z","https://ezpost.post.gov.tw/Captcha.ashx"
"captcha_0746.jpg","2515","100","40","6880757cdabb112d85d9550d9a6d984e32aba7b02bff28f0b5da0015f82e867c","2026-09-12T08:26:47.2764454Z","https://ezpost.post.gov.tw/Captcha.ashx"
"captcha_0747.jpg","2289","100","40","bb644d69b85508cd1d834debe9dea0b6f9c9dda1af41e8ddba249be16a8a29c7","2026-09-12T08:26:47.4966026Z","https://ezpost.post.gov.tw/Captcha.ashx"
"captcha_0748.jpg","2902","100","40","1418a00786246713b3bdfe03934d2996eca1e82802af10ada89b7d6f7ea3eff9","2026-09-12T08:26:47.7143188Z","https://ezpost.post.gov.tw/Captcha.ashx"
"captcha_0749.jpg","2856","100","40","60652a734b68ff6733aa4266089527eb603f8b18942b997a2a59b7b58c0d0b50","2026-09-12T08:26:47.9360546Z","https://ezpost.post.gov.tw/Captcha.ashx"
"captcha_0750.jpg","2403","100","40","370d0b0d60d11c908485ccfe214f5baa4a80c326af2312c5d249666aabc2d9a1","2026-09-12T08:26:48.1559540Z","https://ezpost.post.gov.tw/Captcha.ashx"
"captcha_0751.jpg","2385","100","40","1c8abf7e370e35efda6f2edc1c4a3ffee5cabe2e9aa12abddca44673069f2ea7","2026-09-12T08:26:48.3900242Z","https://ezpost.post.gov.tw/Captcha.ashx"
"captcha_0752.jpg","2402","100","40","52c76eb1795cdcdc3ce62fa21f5e71c3d2ed2a2dac2c5494f780c057bd114c2b","2026-09-12T08:26:48.6108999Z","https://ezpost.post.gov.tw/Captcha.ashx"
"captcha_0753.jpg","2257","100","40","9683619e9e4ec96fb4806638d414f0d8f4bfb0982ca5df07839058d36ef319ad","2026-09-12T08:26:48.8283539Z","https://ezpost.post.gov.tw/Captcha.ashx"
"captcha_0754.jpg","2380","100","40","bfa95abeda2949ad4820227773fe095f25e4e24234a43906ecf9d68abd50da60","2026-09-12T08:26:49.0460696Z","https://ezpost.post.gov.tw/Captcha.ashx"
"captcha_0755.jpg","2442","100","40","dd0c10f4428a5cd7e647cc86b360fe811c9586965145255b36fc4b6a0a03115a","2026-09-12T08:26:49.2688766Z","https://ezpost.post.gov.tw/Captcha.ashx"
"captcha_0756.jpg","2730","100","40","13ed2c93874d562494be9e12b90cfcebb139c0c2302d746e7fc8a7460ab6e9c2","2026-09-12T08:26:49.4919898Z","https://ezpost.post.gov.tw/Captcha.ashx"
"captcha_0757.jpg","2288","100","40","1393e5723fe822f9161c134b0ffd04bf1f06fb45033eb0c6f71da599418549a4","2026-09-12T08:26:49.7124854Z","https://ezpost.post.gov.tw/Captcha.ashx"
"captcha_0758.jpg","2388","100","40","e58eb99017d5059f80dab46451455e2af1eeebabd3d1e7c4639cedc551c50884","2026-09-12T08:26:49.9323671Z","https://ezpost.post.gov.tw/Captcha.ashx"
"captcha_0759.jpg","2984","100","40","192f6270151643e0d26e45b8ba447bb83ae7b49efc88a6af1ba9f784b564463c","2026-09-12T08:26:50.1649868Z","https://ezpost.post.gov.tw/Captcha.ashx"
"captcha_0760.jpg","2499","100","40","03c1bdbdb9b098354a6576df23538373ae73a0737a3fcdf97bdbeebfc56e94b0","2026-09-12T08:26:50.3872303Z","https://ezpost.post.gov.tw/Captcha.ashx"
"captcha_0761.jpg","2569","100","40","e78906abbdc5a1393445727469958e6eee7162248f1b36138a52b9021130750c","2026-09-12T08:26:50.6038379Z","https://ezpost.post.gov.tw/Captcha.ashx"
"captcha_0762.jpg","2437","100","40","b06c7b3d8ade949ecbb8828f6cbd4252d430b22093447cf839cd4950a3d8c343","2026-09-12T08:26:50.8259485Z","https://ezpost.post.gov.tw/Captcha.ashx"
"captcha_0763.jpg","2788","100","40","8f4a85adaa808fad631d439ce7f2ada64e3ad19c05c108d364fb11551e0681d7","2026-09-12T08:26:51.0470273Z","https://ezpost.post.gov.tw/Captcha.ashx"
"captcha_0764.jpg","2278","100","40","61f7a5105d7958a04da8e11dcb1610ba9b3caf5f2e087e4f85bcf866cc73db61","2026-09-12T08:26:51.2649767Z","https://ezpost.post.gov.tw/Captcha.ashx"
"captcha_0765.jpg","2481","100","40","0949d6db839a3ad1107d99903deb6aeda31c4c3bac1a48d30982de30620110ce","2026-09-12T08:26:51.4883496Z","https://ezpost.post.gov.tw/Captcha.ashx"
"captcha_0766.jpg","2295","100","40","49742b369f5d4c7cf0a624d7de27f439e7f2b121bef39ab850eb6bee3c2615d6","2026-09-12T08:26:51.7166519Z","https://ezpost.post.gov.tw/Captcha.ashx"
"captcha_0767.jpg","2595","100","40","bf5d59bfe1d35a1187836fe65762c5b55e9bf63373640c56279382e48089716c","2026-09-12T08:26:51.9390257Z","https://ezpost.post.gov.tw/Captcha.ashx"
"captcha_0768.jpg","2364","100","40","53d78e452859a93ad5883bff809710c52c16d7b86723c9c882672e42bc832cde","2026-09-12T08:26:52.1607640Z","https://ezpost.post.gov.tw/Captcha.ashx"
"captcha_0769.jpg","2410","100","40","e13832af7663f91dc6aa8d8c57207bc920129fe0a5cdddd3e8591436c2e3dbc2","2026-09-12T08:26:52.3803171Z","https://ezpost.post.gov.tw/Captcha.ashx"
"captcha_0770.jpg","2442","100","40","83ebed7ec6cc4e77b0c0e87ae92f8571ba0b0422ce1a9663c2a0517a74ac0a66","2026-09-12T08:26:52.5983418Z","https://ezpost.post.gov.tw/Captcha.ashx"
"captcha_0771.jpg","2976","100","40","fc37a7dbd5f6657f96f9849d307db7b72371740f1693f959196f03351307e430","2026-09-12T08:26:52.8223231Z","https://ezpost.post.gov.tw/Captcha.ashx"
"captcha_0772.jpg","2477","100","40","29c9da777f5d0903d5d6fc46a1a25996ff537ff91eb7962b8c09599bc7350609","2026-09-12T08:26:53.0560766Z","https://ezpost.post.gov.tw/Captcha.ashx"
"captcha_0773.jpg","2493","100","40","3352b37dcfa93dc2a79567dbfe38f2175d2cdcf4db81229137b49841df91c845","2026-09-12T08:26:53.2722843Z","https://ezpost.post.gov.tw/Captcha.ashx"
"captcha_0774.jpg","2317","100","40","b3cb597de47cb2a05dcc8c8f466cf66500ed98d6a1c067fd8d842b4753835005","2026-09-12T08:26:53.4929922Z","https://ezpost.post.gov.tw/Captcha.ashx"
"captcha_0775.jpg","2501","100","40","f52b6c1ae10ad38dac8a7d8072e489bb63352874c688c1c1638fe091de9c997f","2026-09-12T08:26:53.7103921Z","https://ezpost.post.gov.tw/Captcha.ashx"
"captcha_0776.jpg","2430","100","40","c5ddc7965887f83fba949e9c4c02f8d88e7c8751958c2049a4d8dca996f807b0","2026-09-12T08:26:53.9444025Z","https://ezpost.post.gov.tw/Captcha.ashx"
"captcha_0777.jpg","2850","100","40","5d2d97c21c91eb2df2f3e04159bb9ab9a9d319813002bee08ff5228aaba478ce","2026-09-12T08:26:54.1665101Z","https://ezpost.post.gov.tw/Captcha.ashx"
"captcha_0778.jpg","2423","100","40","d15ff343264320ae6f14c9e43fec01dfcd6217c2f85136a7ca1c5858128a7312","2026-09-12T08:26:54.3941980Z","https://ezpost.post.gov.tw/Captcha.ashx"
"captcha_0779.jpg","2313","100","40","0acb6afef09f9edffb8ec035c4b83755df0f81915f56421ca44909c6b8c201d9","2026-09-12T08:26:54.6157037Z","https://ezpost.post.gov.tw/Captcha.ashx"
"captcha_0780.jpg","2466","100","40","6c822a4f7f63b86bc77b3928f4c7bf1808b3a154fc29500edf074925227f0441","2026-09-12T08:26:54.8335909Z","https://ezpost.post.gov.tw/Captcha.ashx"
"captcha_0781.jpg","2333","100","40","83251dc7ed45b07075e450fc6aaa8c9de7674d796cdd3f3ed3820446e7eedac9","2026-09-12T08:26:55.0523586Z","https://ezpost.post.gov.tw/Captcha.ashx"
"captcha_0782.jpg","2323","100","40","99812cb936b2d6b182cc9d45c6be72742d33c3fe9a44613113f62f97081e826e","2026-09-12T08:26:55.2720483Z","https://ezpost.post.gov.tw/Captcha.ashx"
"captcha_0783.jpg","2250","100","40","70172d1926646474232773e6ad46cc6d90bfbcb3d1e3edfe455d6841a388eb4e","2026-09-12T08:26:55.4939293Z","https://ezpost.post.gov.tw/Captcha.ashx"
"captcha_0784.jpg","2399","100","40","eea9bdcb702da82a70216fd34faafa103e2c2b10fa8c2e0c8aab14dc42b83f9d","2026-09-12T08:26:55.7243862Z","https://ezpost.post.gov.tw/Captcha.ashx"
"captcha_0785.jpg","2800","100","40","59a773435c25e9413a9a3f5ea169022ebd6e42a93051292f6ec3972bedc19ea7","2026-09-12T08:26:55.9449327Z","https://ezpost.post.gov.tw/Captcha.ashx"
"captcha_0786.jpg","2446","100","40","2cbe6d5c6535d97c9d10a40634f90eee3ddcfc7e97383c7c17419e234e08840f","2026-09-12T08:26:56.1668580Z","https://ezpost.post.gov.tw/Captcha.ashx"
"captcha_0787.jpg","2315","100","40","f2f0162a1305bb219525bc50b39019be278a11d56317258eab07c637fa9fc8a2","2026-09-12T08:26:56.4010138Z","https://ezpost.post.gov.tw/Captcha.ashx"
"captcha_0788.jpg","2595","100","40","a7e5ab649d4716613bfde61fa7a290d5fe6e93b5b6fc134a572e874e1beb566e","2026-09-12T08:26:56.6202057Z","https://ezpost.post.gov.tw/Captcha.ashx"
"captcha_0789.jpg","2518","100","40","553b67d102c2760401d88cafa2f157b2c188197b946be5c248645ef111fa30b0","2026-09-12T08:26:56.8405915Z","https://ezpost.post.gov.tw/Captcha.ashx"
"captcha_0790.jpg","2369","100","40","2e0bb748557c7320da600d1b3c269f45fab1cc44c95ab251f453f6934867b15e","2026-09-12T08:26:57.0568763Z","https://ezpost.post.gov.tw/Captcha.ashx"
"captcha_0791.jpg","2380","100","40","b6820117f71fc99595c98cdf4a219cd22d45cb4764999f2436582c0851430765","2026-09-12T08:26:57.2791457Z","https://ezpost.post.gov.tw/Captcha.ashx"
"captcha_0792.jpg","2523","100","40","c99db821e61eb8c8ca38be28497c44ce80aec64db85c98d9c621da002dfb2e87","2026-09-12T08:26:57.4993877Z","https://ezpost.post.gov.tw/Captcha.ashx"
"captcha_0793.jpg","2592","100","40","bf642ce0c700e62e7abe299a2b41e02d655c1a62d7423dd3cb1af430e7b5a9d8","2026-09-12T08:26:57.7180303Z","https://ezpost.post.gov.tw/Captcha.ashx"
"captcha_0794.jpg","2407","100","40","3cce7102e7900340bba33e9085f1f0446c5d6a7511ff296ef665ff58c0f8f72f","2026-09-12T08:26:57.9380391Z","https://ezpost.post.gov.tw/Captcha.ashx"
"captcha_0795.jpg","3011","100","40","a02c468375443ee93f992e792cddcedf4a75b482e5361cdbcebcf630c9084311","2026-09-12T08:26:58.1592135Z","https://ezpost.post.gov.tw/Captcha.ashx"
"captcha_0796.jpg","2285","100","40","a40c9cf6bbf5164bffe533e32d75581808b23690861d422daf7ce70fb740df4a","2026-09-12T08:26:58.3772395Z","https://ezpost.post.gov.tw/Captcha.ashx"
"captcha_0797.jpg","2481","100","40","9f3a412977f2c912790d5b8ce473ba01e86f67c216d5e62d9f029299fe928b06","2026-09-12T08:26:58.5973004Z","https://ezpost.post.gov.tw/Captcha.ashx"
"captcha_0798.jpg","2467","100","40","fc73bda5e623ab46a83d5501efd83365e511133adf88caff3a4a12ecbca9fe18","2026-09-12T08:26:58.8167143Z","https://ezpost.post.gov.tw/Captcha.ashx"
"captcha_0799.jpg","2513","100","40","dbea131a89be6987c8ccdc9f2ad8cc79b4885e21a1cebbaaf32e6662d5d0b01a","2026-09-12T08:26:59.0370122Z","https://ezpost.post.gov.tw/Captcha.ashx"
"captcha_0800.jpg","2413","100","40","ce22ab0a17938ecf6ea60143177602f78f750ef22ae93101c393f23e8054a3a4","2026-09-12T08:26:59.2523695Z","https://ezpost.post.gov.tw/Captcha.ashx"
"captcha_0801.jpg","2279","100","40","489ef298c69c27defc34e3e30d0942782dc7ffdd9d51caca78644d5c8438af1b","2026-09-12T08:26:59.4894233Z","https://ezpost.post.gov.tw/Captcha.ashx"
"captcha_0802.jpg","2695","100","40","f37514012c7a685e880068003f1e2bb965b2f7c2116975afdb2531e3087998f6","2026-09-12T08:26:59.7122115Z","https://ezpost.post.gov.tw/Captcha.ashx"
"captcha_0803.jpg","2768","100","40","5a0c227b41db5a3b2b020c8af1a1205c80734f5752c79c671a759cb15a02efb2","2026-09-12T08:26:59.9443008Z","https://ezpost.post.gov.tw/Captcha.ashx"
"captcha_0804.jpg","2678","100","40","d1b3658223b38a52c2e48c6f372f466e384ccc6563f444e49e20cba0081ca08d","2026-09-12T08:27:00.1624685Z","https://ezpost.post.gov.tw/Captcha.ashx"
"captcha_0805.jpg","2533","100","40","2acb90eb3f6736e4c82762865e1f40eba3a2bebe3173d217ea0de7c90a7e95e5","2026-09-12T08:27:00.3838751Z","https://ezpost.post.gov.tw/Captcha.ashx"
"captcha_0806.jpg","2408","100","40","c31c4148224c5a79fc4bb900d74325e1cc292c8e855dcea5d482fef64a1b3c02","2026-09-12T08:27:00.6025401Z","https://ezpost.post.gov.tw/Captcha.ashx"
"captcha_0807.jpg","2730","100","40","83d30172c5d1928ea02d5b16f2f29d37274136b505848ac3ee4146f2bfe59979","2026-09-12T08:27:00.8232816Z","https://ezpost.post.gov.tw/Captcha.ashx"
"captcha_0808.jpg","2964","100","40","0581343323b1435a29d782bb6fe680e3edd67f04a44ac84757eca4dff9cb5729","2026-09-12T08:27:01.0427037Z","https://ezpost.post.gov.tw/Captcha.ashx"
"captcha_0809.jpg","2888","100","40","c47edb9b29993c2f973da819e89ceb657da24d54a8f153028c8cc08fc5749e21","2026-09-12T08:27:01.2647285Z","https://ezpost.post.gov.tw/Captcha.ashx"
"captcha_0810.jpg","2312","100","40","1ea24211af4e716aa19e7dc1dd92f8885aa94efddec208b0a6d92d01c4a55c73","2026-09-12T08:27:01.4821364Z","https://ezpost.post.gov.tw/Captcha.ashx"
"captcha_0811.jpg","2319","100","40","f50ca6f32a8fa85890df02180fd47120da4454e6ea640040adc1e98519e3b33d","2026-09-12T08:27:01.7030610Z","https://ezpost.post.gov.tw/Captcha.ashx"
"captcha_0812.jpg","2272","100","40","86e6ffb6e6674f403ad3388c8db2452260a594db6efe87719031260a792029d7","2026-09-12T08:27:01.9222413Z","https://ezpost.post.gov.tw/Captcha.ashx"
"captcha_0813.jpg","2441","100","40","b51dafb86ed7a06fb7e725d93c15893b09a8177586ef1f4b32139a22e42c7304","2026-09-12T08:27:02.1450594Z","https://ezpost.post.gov.tw/Captcha.ashx"
"captcha_0814.jpg","2473","100","40","c1f67759c193b2ec3a8f55f8194aea8bf19a0b8ba192be3ecdc6f6e58af107cf","2026-09-12T08:27:02.3631272Z","https://ezpost.post.gov.tw/Captcha.ashx"
"captcha_0815.jpg","2392","100","40","21c32fecabdbfbb304ba04bf17db893020da2f514152ca74c10d8f58fa97e793","2026-09-12T08:27:02.5809950Z","https://ezpost.post.gov.tw/Captcha.ashx"
"captcha_0816.jpg","2423","100","40","3633debef49c5d62d7dcda540d4ea6fd066f91da5422a1018e2077c0c805e279","2026-09-12T08:27:02.7983813Z","https://ezpost.post.gov.tw/Captcha.ashx"
"captcha_0817.jpg","2536","100","40","81a1613402e517d068bff451be6d17c86a7f1debe5f3a2b2fd75f910d4ad2d31","2026-09-12T08:27:03.0161052Z","https://ezpost.post.gov.tw/Captcha.ashx"
"captcha_0818.jpg","2483","100","40","ea415c521eb2c0b41c923764209d0e44daa0d5d4362edeaade34685c97460141","2026-09-12T08:27:03.2319322Z","https://ezpost.post.gov.tw/Captcha.ashx"
"captcha_0819.jpg","2522","100","40","4de43260fbb35041603ae3505f048ee3b47384bd67ffcd38c6327f426a626107","2026-09-12T08:27:03.4512441Z","https://ezpost.post.gov.tw/Captcha.ashx"
"captcha_0820.jpg","2414","100","40","a96b8bda872a07ba11fbb1107840a0dd3c26528db7a68ffd82e3163ef9057249","2026-09-12T08:27:03.6695718Z","https://ezpost.post.gov.tw/Captcha.ashx"
"captcha_0821.jpg","2399","100","40","d38e436eb6c871f070cf4096254d75b95c5ada14af7f0c0c5ce6164d89b80057","2026-09-12T08:27:03.8884967Z","https://ezpost.post.gov.tw/Captcha.ashx"
"captcha_0822.jpg","2564","100","40","d8f33641cef461cb6c2506605627956b830c8efd44675babb6c40ae2f5de8017","2026-09-12T08:27:04.1086846Z","https://ezpost.post.gov.tw/Captcha.ashx"
"captcha_0823.jpg","2310","100","40","a8db62a244e6de7aca76979b0e86b2632f1251b79eb8a620bb71e1a834c1ad80","2026-09-12T08:27:04.3236804Z","https://ezpost.post.gov.tw/Captcha.ashx"
"captcha_0824.jpg","2369","100","40","22146715aa5b55a22929b49e6335e08c63fa38d6b4cd0d95fa4bdea78b48974a","2026-09-12T08:27:04.5460853Z","https://ezpost.post.gov.tw/Captcha.ashx"
"captcha_0825.jpg","2247","100","40","c006684d79f78fb57bac41f617db266ea2cffa4f96341f0327f8a19cff9e9c4b","2026-09-12T08:27:04.7649313Z","https://ezpost.post.gov.tw/Captcha.ashx"
"captcha_0826.jpg","2727","100","40","69603e9325bbab186b174d53d4843db8b1f735ff7679a3a76d7cab8aa698fa21","2026-09-12T08:27:04.9941369Z","https://ezpost.post.gov.tw/Captcha.ashx"
"captcha_0827.jpg","2384","100","40","e71db76ede3c3b98bcbaa5977e27e5112fecca50e94a719040f8fededb561044","2026-09-12T08:27:05.2131000Z","https://ezpost.post.gov.tw/Captcha.ashx"
"captcha_0828.jpg","2565","100","40","8edad5e0c19dca1c15ca7383130676a1e8c067b6b932dc1ff46812deff91fe78","2026-09-12T08:27:05.4306389Z","https://ezpost.post.gov.tw/Captcha.ashx"
"captcha_0829.jpg","2491","100","40","e60b0973a6224f6bfe04193ca3f988d7787e937dfc4e782696559bcd71f92664","2026-09-12T08:27:05.6491139Z","https://ezpost.post.gov.tw/Captcha.ashx"
"captcha_0830.jpg","2341","100","40","93595cf701ddf589c802f66790d697c6fb60b38955e7761a4c9f19892ee1de69","2026-09-12T08:27:05.8675115Z","https://ezpost.post.gov.tw/Captcha.ashx"
"captcha_0831.jpg","2401","100","40","0f49bec3395bc1197f06c9259516c8965e14df4afc6f616ae846e8e73c4fc7dd","2026-09-12T08:27:06.0876504Z","https://ezpost.post.gov.tw/Captcha.ashx"
"captcha_0832.jpg","2557","100","40","c47be3cf2742cbb52f2bf4fcae6b36fd0fa461ece6e2574e6cfdd1ec537c1bae","2026-09-12T08:27:06.3074711Z","https://ezpost.post.gov.tw/Captcha.ashx"
"captcha_0833.jpg","2323","100","40","4777ec7abc6859cc6fb71e9f9bb65cd87d880efac2e6b42ec4a118cfe50b81f6","2026-09-12T08:27:06.5395308Z","https://ezpost.post.gov.tw/Captcha.ashx"
"captcha_0834.jpg","2308","100","40","fe2ee2ac73fe49830af4cdc8852f89500c782b67395aac927373cc6e2a3e05ad","2026-09-12T08:27:06.7601962Z","https://ezpost.post.gov.tw/Captcha.ashx"
"captcha_0835.jpg","2298","100","40","bfb4dd5bf9b93161aff3269ef35d5d03f9a2db5687acd7988774888f753b6c81","2026-09-12T08:27:06.9814932Z","https://ezpost.post.gov.tw/Captcha.ashx"
"captcha_0836.jpg","2360","100","40","5c2dfa9cf09e109190c6c35a467d021024dd54c6413d1220d447de7a2a522a3c","2026-09-12T08:27:07.1999723Z","https://ezpost.post.gov.tw/Captcha.ashx"
"captcha_0837.jpg","2707","100","40","68f1d61af6e662b7b38dcfe1ac93006775d96d0112bd4454703e36cb1cedf6a1","2026-09-12T08:27:07.4173750Z","https://ezpost.post.gov.tw/Captcha.ashx"
"captcha_0838.jpg","2485","100","40","9f5749311accfd9aa04c3ff4285ca3646fbc0cf17cacb5739f93a47d88d6d306","2026-09-12T08:27:07.6340079Z","https://ezpost.post.gov.tw/Captcha.ashx"
"captcha_0839.jpg","2352","100","40","d510fa75a8442c3474ea8ec11c738fe1be6b964d17ab803ffdaa4f970be84501","2026-09-12T08:27:07.8513893Z","https://ezpost.post.gov.tw/Captcha.ashx"
"captcha_0840.jpg","2321","100","40","da51fe45b5ad05a1ed3f1517704e20b5c5e48895c5ae81efcce01d3e5c9f95e0","2026-09-12T08:27:08.0701859Z","https://ezpost.post.gov.tw/Captcha.ashx"
"captcha_0841.jpg","2380","100","40","461b8404be0b66af7bdc11195fe82004f0f272133170553d4635f3ce5c593e8d","2026-09-12T08:27:08.2891765Z","https://ezpost.post.gov.tw/Captcha.ashx"
"captcha_0842.jpg","2349","100","40","f53e3004acccf42a3f76f34577e239512291186ad3b0be368b4ba98cade09fb5","2026-09-12T08:27:08.5091400Z","https://ezpost.post.gov.tw/Captcha.ashx"
"captcha_0843.jpg","2280","100","40","87cb1ae09ea227a0eceb118036d6b6fc1b47c095164578bc32e0abe2054033a7","2026-09-12T08:27:08.7291018Z","https://ezpost.post.gov.tw/Captcha.ashx"
"captcha_0844.jpg","2433","100","40","00f62958caba444ecb9043b0e71406114df2cb9cd2e1eee21bf4c11d8bf3ea61","2026-09-12T08:27:09.6236340Z","https://ezpost.post.gov.tw/Captcha.ashx"
"captcha_0845.jpg","2356","100","40","84b4bc75ca81276748c1ab06da8449631593c2f69dbaf583752dce231005d547","2026-09-12T08:27:09.8492363Z","https://ezpost.post.gov.tw/Captcha.ashx"
"captcha_0846.jpg","2365","100","40","b7be5e3386d711c7e3fe279e16835fc70552be77708e1951e6e09054d8f1270c","2026-09-12T08:27:10.0672600Z","https://ezpost.post.gov.tw/Captcha.ashx"
"captcha_0847.jpg","2329","100","40","63e2ab7a542038db832f58855b1228771645fa79bea44530988a86421574d6fa","2026-09-12T08:27:10.2881498Z","https://ezpost.post.gov.tw/Captcha.ashx"
"captcha_0848.jpg","2830","100","40","c3a1a5c5442ac100b518d90f1907cb74d33fc73757a5df8d4479fb4070b9c58f","2026-09-12T08:27:10.5074492Z","https://ezpost.post.gov.tw/Captcha.ashx"
"captcha_0849.jpg","2425","100","40","88f5d050e24797d0115ea87e91b209ae7470284b45ae559ad5877f6bd26d36c1","2026-09-12T08:27:10.7232951Z","https://ezpost.post.gov.tw/Captcha.ashx"
"captcha_0850.jpg","2480","100","40","b0f0a97da98c58585cf77d3c54cc69803a9221bba4c6bdf0287c3f3bf7aeb9e8","2026-09-12T08:27:10.9462467Z","https://ezpost.post.gov.tw/Captcha.ashx"
"captcha_0851.jpg","2278","100","40","ff2f9d4af5186574e40f6e6108c168be884ae275c17c96036331e4c977b56a2a","2026-09-12T08:27:11.1770512Z","https://ezpost.post.gov.tw/Captcha.ashx"
"captcha_0852.jpg","2419","100","40","c5a827e596162dfb82c40e5f87d8397343b50a971e3535e855daf25ed5d279b7","2026-09-12T08:27:11.3952666Z","https://ezpost.post.gov.tw/Captcha.ashx"
"captcha_0853.jpg","2743","100","40","a7c4604903243ae9fa0ec2318c3e69dac637cea75d4c2811ea09e1bfb2d22b21","2026-09-12T08:27:11.6148715Z","https://ezpost.post.gov.tw/Captcha.ashx"
"captcha_0854.jpg","2544","100","40","227d6a9586db3451913388b8bdf0ac380bf328f61a8951206b79c722071cea64","2026-09-12T08:27:11.8437005Z","https://ezpost.post.gov.tw/Captcha.ashx"
"captcha_0855.jpg","2329","100","40","91b1a232c8c6f7ff6941e52929e17b6c4e97c8c077249fd44fc9dadad75dfa5e","2026-09-12T08:27:12.0665402Z","https://ezpost.post.gov.tw/Captcha.ashx"
"captcha_0856.jpg","2375","100","40","e3cb771e07b531237f55ab274ca6e116bfd7814d1d056c802d5d6bd186229063","2026-09-12T08:27:12.2845418Z","https://ezpost.post.gov.tw/Captcha.ashx"
"captcha_0857.jpg","2553","100","40","0291563843d758e2354fbf2fd11700ed165a60b2c95c7650605a16c5e1251708","2026-09-12T08:27:12.5022837Z","https://ezpost.post.gov.tw/Captcha.ashx"
"captcha_0858.jpg","2446","100","40","5f2e5c02af64d40e9b3ef04049f4b381abcfcae0909d7d08b2f0de3a6b11bbf4","2026-09-12T08:27:12.7263624Z","https://ezpost.post.gov.tw/Captcha.ashx"
"captcha_0859.jpg","2351","100","40","f57aafbad760e82d242e39f97ca42341a0517455bbc23515b705497a03596214","2026-09-12T08:27:12.9403573Z","https://ezpost.post.gov.tw/Captcha.ashx"
"captcha_0860.jpg","2470","100","40","c1e0f0733ccfdfe39f2d11b5c6a06406dcb1d0e1eaea0c79ef3aa63d7edc5747","2026-09-12T08:27:13.1593221Z","https://ezpost.post.gov.tw/Captcha.ashx"
"captcha_0861.jpg","2446","100","40","18e2ef4a7fbe172d3dabe4f8aa7de67f9fb313abc8f6662ebfa72792144bf0d4","2026-09-12T08:27:13.3770134Z","https://ezpost.post.gov.tw/Captcha.ashx"
"captcha_0862.jpg","2448","100","40","c19c1a7cc204558207fb3b5401f7ebb8d11262c123d0361b80bd7fac23d085b4","2026-09-12T08:27:13.5943193Z","https://ezpost.post.gov.tw/Captcha.ashx"
"captcha_0863.jpg","2842","100","40","44c595ec30b3c86e7380e0d43479151ec4f2f328a11d6dbfeb1c803ad252970a","2026-09-12T08:27:13.8119779Z","https://ezpost.post.gov.tw/Captcha.ashx"
"captcha_0864.jpg","2331","100","40","f001e08984be822fe81e97f1b50fd829226a138adf328959bb85f5a99be3ac8e","2026-09-12T08:27:14.0289065Z","https://ezpost.post.gov.tw/Captcha.ashx"
"captcha_0865.jpg","2333","100","40","c660c340c943e40f98e19e7399bd868784ff078d4f51a8ff46fa83fbe3998b7b","2026-09-12T08:27:14.2493637Z","https://ezpost.post.gov.tw/Captcha.ashx"
"captcha_0866.jpg","2536","100","40","97688195b01b4733801e24c0d9d0badcb62017d78764d4f361044e3d45af2d18","2026-09-12T08:27:14.4681130Z","https://ezpost.post.gov.tw/Captcha.ashx"
"captcha_0867.jpg","2584","100","40","b1dd104cbac6e3921239f450720f40975d51e13617b43cbeaaf0e24556953352","2026-09-12T08:27:14.6861102Z","https://ezpost.post.gov.tw/Captcha.ashx"
"captcha_0868.jpg","2295","100","40","f137b321dc1d1c001bb8c649f08b7e4bee93c2adc8c470e044ecf49aec77b7f3","2026-09-12T08:27:14.9060209Z","https://ezpost.post.gov.tw/Captcha.ashx"
"captcha_0869.jpg","2383","100","40","d2ae53fd3fbcdb51b62667d13ae7c10cc39808c46b9d386139c05f3871ca4a2e","2026-09-12T08:27:15.1247768Z","https://ezpost.post.gov.tw/Captcha.ashx"
"captcha_0870.jpg","2958","100","40","6e31c2330dccfd921888d2e6e0f2c1561e6cbc74203406987e3344f813048cf5","2026-09-12T08:27:15.3464393Z","https://ezpost.post.gov.tw/Captcha.ashx"
"captcha_0871.jpg","2483","100","40","06e0190db4d698e78c0c73fddf8e8a9d6da2f735997aa97bf4df660270f8a2cf","2026-09-12T08:27:15.5627302Z","https://ezpost.post.gov.tw/Captcha.ashx"
"captcha_0872.jpg","2322","100","40","ae8ef6794f0deae144a01065dbcd7e2c48e95a85551c26405338baa2b114b446","2026-09-12T08:27:15.7894965Z","https://ezpost.post.gov.tw/Captcha.ashx"
"captcha_0873.jpg","2248","100","40","f2a3c3f0e75528be36f17983ee85385fbeab76e9211673ca7599383e2f61ef2c","2026-09-12T08:27:16.0093209Z","https://ezpost.post.gov.tw/Captcha.ashx"
"captcha_0874.jpg","2625","100","40","fcec99c818fd81fcea7bb326d354d3dd959d3b92c6e29a79344342ce803457cd","2026-09-12T08:27:16.2308382Z","https://ezpost.post.gov.tw/Captcha.ashx"
"captcha_0875.jpg","2450","100","40","32c8f3e9e670cba4624b08d97fe0b02ccbcffb4186466544b322d6f697cf1f11","2026-09-12T08:27:16.4499549Z","https://ezpost.post.gov.tw/Captcha.ashx"
"captcha_0876.jpg","2618","100","40","8c7f39ebbe404851a58db9afe80b44b0ae48487fdde87092173c903356b0994a","2026-09-12T08:27:16.6824031Z","https://ezpost.post.gov.tw/Captcha.ashx"
"captcha_0877.jpg","2458","100","40","8ec91e86867f46b95f7912c88fc16e5dc59153aeb6472c0e1d8a6022b05d3bc3","2026-09-12T08:27:16.9158447Z","https://ezpost.post.gov.tw/Captcha.ashx"
"captcha_0878.jpg","2689","100","40","58bc0c9fe6cd0bd120028372c36530801c65d4eb589baa79ffcd5c0fef46eba1","2026-09-12T08:27:17.1511482Z","https://ezpost.post.gov.tw/Captcha.ashx"
"captcha_0879.jpg","2856","100","40","9b0e254a5e182684d6c2784d31b4a3c9ac19e2fc0d9f894fe5a381b2df549ef7","2026-09-12T08:27:17.3708886Z","https://ezpost.post.gov.tw/Captcha.ashx"
"captcha_0880.jpg","2329","100","40","8c68b46b1f40988feddcc2d39952517045952675f414f2874410c79201c8a9eb","2026-09-12T08:27:17.6021042Z","https://ezpost.post.gov.tw/Captcha.ashx"
"captcha_0881.jpg","2353","100","40","49d9d2bdff81b205d026d60854aa696d44b2a805b2a740f1582066b01fd815cf","2026-09-12T08:27:17.8202117Z","https://ezpost.post.gov.tw/Captcha.ashx"
"captcha_0882.jpg","2309","100","40","ec624edbf6b9ea0cc838f8a2634be4e3b2cf79d3b3386aaacb22bc3d3d9d3245","2026-09-12T08:27:18.0536240Z","https://ezpost.post.gov.tw/Captcha.ashx"
"captcha_0883.jpg","2557","100","40","26874e3c0af55bd6ea24e1b7e55f8db0b40887373f6d8685913f82945e249264","2026-09-12T08:27:18.2868667Z","https://ezpost.post.gov.tw/Captcha.ashx"
"captcha_0884.jpg","2343","100","40","3f584fe76aec475c069445fcb3c64f1b30a8cd7c0c0a7c1b0733906e56cd547c","2026-09-12T08:27:18.5054202Z","https://ezpost.post.gov.tw/Captcha.ashx"
"captcha_0885.jpg","2344","100","40","24ecd31952ed26ee920622a42399aff71ca9315fb47cebdda6dcd672f4a9c553","2026-09-12T08:27:18.7258181Z","https://ezpost.post.gov.tw/Captcha.ashx"
"captcha_0886.jpg","2487","100","40","71ba9dee9b5e29d0d4a125f3b764326be9100a64360606743c9667a1f656e254","2026-09-12T08:27:18.9445987Z","https://ezpost.post.gov.tw/Captcha.ashx"
"captcha_0887.jpg","2321","100","40","6b04cd87f63d7e1d5a9bdccbf3ad9bfa90fd404407fe6a4390b5d9ecbaee323e","2026-09-12T08:27:19.1615001Z","https://ezpost.post.gov.tw/Captcha.ashx"
"captcha_0888.jpg","2627","100","40","3ad473d832430f41f4c24fa07f7b657fc288524934a35e6755a1d62ea1b4747e","2026-09-12T08:27:19.3844560Z","https://ezpost.post.gov.tw/Captcha.ashx"
"captcha_0889.jpg","2369","100","40","b73de0c6c463ffc0e50cf52200d88571a3b2fbd467a3a195f9d768ee5fd7324c","2026-09-12T08:27:19.6030111Z","https://ezpost.post.gov.tw/Captcha.ashx"
"captcha_0890.jpg","2362","100","40","9d1efba4ac776a5767a2f2fc463e8707dade23f172742c52646815d4a801ed3c","2026-09-12T08:27:19.8186469Z","https://ezpost.post.gov.tw/Captcha.ashx"
"captcha_0891.jpg","2395","100","40","e022e237e9d4b6298daa29fe078aebd73bafca24bdb0660991083c6e91053090","2026-09-12T08:27:20.0406705Z","https://ezpost.post.gov.tw/Captcha.ashx"
"captcha_0892.jpg","2950","100","40","42a724d288e11b74bdda1c25fe7300343ed3abc468f1e2f29e693dc59082375a","2026-09-12T08:27:20.2592541Z","https://ezpost.post.gov.tw/Captcha.ashx"
"captcha_0893.jpg","2370","100","40","f4568df28763e2b702992c36701c8f537130ae81bd2bd08e3f161e548a0db9b6","2026-09-12T08:27:20.4806968Z","https://ezpost.post.gov.tw/Captcha.ashx"
"captcha_0894.jpg","2320","100","40","54eeee4e1c36690b6b4c8bc0aed8654d7c34570acf712ff66e1e1f19b4a9098d","2026-09-12T08:27:20.7126571Z","https://ezpost.post.gov.tw/Captcha.ashx"
"captcha_0895.jpg","2348","100","40","19c78dca91dfc6d8380e7ecd7ec69278131ff790117958c948609a68c66223ee","2026-09-12T08:27:20.9446979Z","https://ezpost.post.gov.tw/Captcha.ashx"
"captcha_0896.jpg","2487","100","40","807efb8a040d438bf256358b33ee75834b4ea419bf6e9831fb96509c457648df","2026-09-12T08:27:21.1636704Z","https://ezpost.post.gov.tw/Captcha.ashx"
"captcha_0897.jpg","2545","100","40","0dccab83ca0b97a9545cdff6736085133eab388a171ca3bc7fda03dc05f96dcf","2026-09-12T08:27:21.3841968Z","https://ezpost.post.gov.tw/Captcha.ashx"
"captcha_0898.jpg","2576","100","40","3aefc080ab69a70b24904b466509532e9bc2a6a43552ba542112edcb7cd6a61c","2026-09-12T08:27:21.6027897Z","https://ezpost.post.gov.tw/Captcha.ashx"
"captcha_0899.jpg","2354","100","40","eaa3d742ff8ea71a3b00bbea439934a46ca14df2991ae60ee6f9efcc768a597c","2026-09-12T08:27:21.8195759Z","https://ezpost.post.gov.tw/Captcha.ashx"
"captcha_0900.jpg","2406","100","40","b599b1bd7a7f164a416195e545e665817d2bcc4666466d1e659a4aa1de77030e","2026-09-12T08:27:22.0394858Z","https://ezpost.post.gov.tw/Captcha.ashx"
"captcha_0901.jpg","2562","100","40","1c051274234f794812c27d84463c998ec6cc7d3ada8c6b3d0209f6e02d906a9b","2026-09-12T08:27:22.2748942Z","https://ezpost.post.gov.tw/Captcha.ashx"
"captcha_0902.jpg","2369","100","40","ade3c2aea217bf963410efacabcf05107814caa49e3bcf33af389abdebc95179","2026-09-12T08:27:22.4936596Z","https://ezpost.post.gov.tw/Captcha.ashx"
"captcha_0903.jpg","2586","100","40","755b14b0949543795da66f65ff46b0fc1bb617a5ed7ef2863a3d4728c3d2d001","2026-09-12T08:27:22.7226140Z","https://ezpost.post.gov.tw/Captcha.ashx"
"captcha_0904.jpg","2375","100","40","7533fe64907bcd6c32afb11a6e3748af70147ef1a266e54764b8fce9df009963","2026-09-12T08:27:22.9440699Z","https://ezpost.post.gov.tw/Captcha.ashx"
"captcha_0905.jpg","2669","100","40","72fa32fae49dab5649a3701239a41ff2b3df307e9255232b91771e5084690f51","2026-09-12T08:27:23.1648619Z","https://ezpost.post.gov.tw/Captcha.ashx"
"captcha_0906.jpg","2454","100","40","dac18d8fc4e47e3edbcd63d7351198d10115e99d5e74502a75ae43a8389553b4","2026-09-12T08:27:23.3850621Z","https://ezpost.post.gov.tw/Captcha.ashx"
"captcha_0907.jpg","2276","100","40","aad809da842b620cdae653296ba2b11c3e1d89d511c92ef0ac335e58dfbc1101","2026-09-12T08:27:23.6005117Z","https://ezpost.post.gov.tw/Captcha.ashx"
"captcha_0908.jpg","2359","100","40","39cdd01e2518282cd85a23bec5235402800569ee765b25b5d7b59187f392904f","2026-09-12T08:27:23.8225654Z","https://ezpost.post.gov.tw/Captcha.ashx"
"captcha_0909.jpg","2828","100","40","f25e626b78b5b5f208dc0bc7d980f3b61ae1e5c94149ce5e4177d839269f0d6a","2026-09-12T08:27:24.0404336Z","https://ezpost.post.gov.tw/Captcha.ashx"
"captcha_0910.jpg","2288","100","40","1b5ad1a72e1c5781b19e9fe61784b585c740524f44678531c04ce2c86775177d","2026-09-12T08:27:24.2751637Z","https://ezpost.post.gov.tw/Captcha.ashx"
"captcha_0911.jpg","2350","100","40","a1a59e7f9c55ccca72c9d792e01023aaedb765f66775475ef2cbc05d86fd2457","2026-09-12T08:27:24.5064773Z","https://ezpost.post.gov.tw/Captcha.ashx"
"captcha_0912.jpg","2791","100","40","4613d3caffa130962609cd8ed856a419649f71c422ada854d93b97d12ba2b84e","2026-09-12T08:27:24.7296463Z","https://ezpost.post.gov.tw/Captcha.ashx"
"captcha_0913.jpg","2365","100","40","c626c03d518a5f3ebedc8be87ac81350634978a35d3dbe40f0d487c104dc3746","2026-09-12T08:27:24.9459979Z","https://ezpost.post.gov.tw/Captcha.ashx"
"captcha_0914.jpg","2977","100","40","4ec2a0d48493994a99a9b4a2451af627fc6dff8039e59be3d1d03fc88ffe321f","2026-09-12T08:27:25.1673527Z","https://ezpost.post.gov.tw/Captcha.ashx"
"captcha_0915.jpg","2525","100","40","b0e7212f5b7affcda8ef8c07f31560e156a1bdee1e40ccc315450de4f3d2c512","2026-09-12T08:27:25.3985381Z","https://ezpost.post.gov.tw/Captcha.ashx"
"captcha_0916.jpg","2291","100","40","c5dcd56712a77c28786a33511558bdd704d24e560c553166ebe8b2da47f91b43","2026-09-12T08:27:25.6295400Z","https://ezpost.post.gov.tw/Captcha.ashx"
"captcha_0917.jpg","2831","100","40","fb695ad195866e5764cf63d732caa5341a55631452e6949c5e5dfd67a5253aa5","2026-09-12T08:27:25.8474852Z","https://ezpost.post.gov.tw/Captcha.ashx"
"captcha_0918.jpg","2438","100","40","e25204a127600f1ec98ac657723dd7addd30a289daf33efc46bf9f76cef5015c","2026-09-12T08:27:26.0713615Z","https://ezpost.post.gov.tw/Captcha.ashx"
"captcha_0919.jpg","2653","100","40","4434d587e35798871b2526b33cb53bcdd90096f272ef66585195b7c18626832a","2026-09-12T08:27:26.2908531Z","https://ezpost.post.gov.tw/Captcha.ashx"
"captcha_0920.jpg","2373","100","40","b8567255caedfa5fe172d2bf4c3d2621036270e2bafa4f95111112cdd1c1ec53","2026-09-12T08:27:26.5063711Z","https://ezpost.post.gov.tw/Captcha.ashx"
"captcha_0921.jpg","2474","100","40","3b583078ea6a6431130f1e09eeaa47fe63ab82ba50b3c7243cfa68ef0df02c18","2026-09-12T08:27:26.7261501Z","https://ezpost.post.gov.tw/Captcha.ashx"
"captcha_0922.jpg","2541","100","40","c2fe05e12b38fa6f7c2333b681b58a9f93cf93ff8a5802e2a40a137f8cf5542a","2026-09-12T08:27:26.9426185Z","https://ezpost.post.gov.tw/Captcha.ashx"
"captcha_0923.jpg","2663","100","40","b5ca7c1eec8edfd615e0b40f3e23e8b6b4e71afa3e0c8258e8d334c84fe892e8","2026-09-12T08:27:27.1653981Z","https://ezpost.post.gov.tw/Captcha.ashx"
"captcha_0924.jpg","2719","100","40","841e4a1e8018585a448d5593b1cd84791df632915b3fbc35a87c4722b1c58ef2","2026-09-12T08:27:27.3840105Z","https://ezpost.post.gov.tw/Captcha.ashx"
"captcha_0925.jpg","2562","100","40","5d222e18d657e88936664564108302532569aba87efaacd47ec4fa71362bd7f8","2026-09-12T08:27:27.6187022Z","https://ezpost.post.gov.tw/Captcha.ashx"
"captcha_0926.jpg","2351","100","40","430e59385cb575c27f4bb7e284d80a784bc8c39ff468b098f95cbe34bf81cfec","2026-09-12T08:27:27.8524260Z","https://ezpost.post.gov.tw/Captcha.ashx"
"captcha_0927.jpg","2374","100","40","ffccf4fb0326480f55acdd57b8380eb145a0ce080f301575b99132776a42b96f","2026-09-12T08:27:28.0735794Z","https://ezpost.post.gov.tw/Captcha.ashx"
"captcha_0928.jpg","2538","100","40","ac478c7765f77f3c873d9befbbc793f1d65bc9e7dd064937395fd5b6f487ae82","2026-09-12T08:27:28.3048798Z","https://ezpost.post.gov.tw/Captcha.ashx"
"captcha_0929.jpg","2333","100","40","1534b244bf18bc8eab7ba43f30fc41dddf0dbfecc8fcb1283077f1bb3ba2efe5","2026-09-12T08:27:28.5199547Z","https://ezpost.post.gov.tw/Captcha.ashx"
"captcha_0930.jpg","2340","100","40","0dad269e92ac8b5fd882056a7f1b2d08781b5d1142065f6ec97a89eb972b75f4","2026-09-12T08:27:28.7431494Z","https://ezpost.post.gov.tw/Captcha.ashx"
"captcha_0931.jpg","2274","100","40","990bd1844ac88b991f32594d1367603a1af58c35ce2a344a556103829c9a8ddb","2026-09-12T08:27:28.9603453Z","https://ezpost.post.gov.tw/Captcha.ashx"
"captcha_0932.jpg","2399","100","40","4a9a801bbb0669fdcbc8af416e22aa0f2a4a80495b07743eb75b91555f0747a0","2026-09-12T08:27:29.1820358Z","https://ezpost.post.gov.tw/Captcha.ashx"
"captcha_0933.jpg","2275","100","40","d20675fdb06b0a510d119b4e5eb3471acb48923273e1d08711f5e3eb00990b9d","2026-09-12T08:27:29.4090366Z","https://ezpost.post.gov.tw/Captcha.ashx"
"captcha_0934.jpg","2944","100","40","067597ca7fda39ad290a3c53e40ec63d69f6de72d9df20391f1cc24dc3ddf545","2026-09-12T08:27:29.6322477Z","https://ezpost.post.gov.tw/Captcha.ashx"
"captcha_0935.jpg","2445","100","40","6adb6f3c2129e5b4aab65ccf421e476732bebef47f496a8a8ac7b51ad661783b","2026-09-12T08:27:29.8516054Z","https://ezpost.post.gov.tw/Captcha.ashx"
"captcha_0936.jpg","2437","100","40","82f445d093451e66fd1f3d589ab08312fc586ea2c4629913d3dd648b55428025","2026-09-12T08:27:30.0848229Z","https://ezpost.post.gov.tw/Captcha.ashx"
"captcha_0937.jpg","2239","100","40","c1924043a5576523d31820599c799496a9379757b76fbe64679744cede0f9551","2026-09-12T08:27:30.3040445Z","https://ezpost.post.gov.tw/Captcha.ashx"
"captcha_0938.jpg","2326","100","40","100e45e47738b42582cb50f1d7331ed9db067af78354e571aa665d6c17e7199a","2026-09-12T08:27:30.5656090Z","https://ezpost.post.gov.tw/Captcha.ashx"
"captcha_0939.jpg","2423","100","40","98ad5b4353323a79b00457531a0371d5c0a1181f14f5607555d1206815fa3fb2","2026-09-12T08:27:30.7876665Z","https://ezpost.post.gov.tw/Captcha.ashx"
"captcha_0940.jpg","2702","100","40","577580e53ca205a340f730d3a53a1c419b978a6eb927c0894e144b098ed3c8cc","2026-09-12T08:27:31.0076411Z","https://ezpost.post.gov.tw/Captcha.ashx"
"captcha_0941.jpg","2881","100","40","b38b27b3d6dfe26e89c5e5bf169c0e25dd0c62157d478e0a34af5f168ad90b96","2026-09-12T08:27:31.2388497Z","https://ezpost.post.gov.tw/Captcha.ashx"
"captcha_0942.jpg","2280","100","40","c1b4f7c86e3570f838573994540072efaa205920aecf94ec1f2a74b2ab214c41","2026-09-12T08:27:31.4720521Z","https://ezpost.post.gov.tw/Captcha.ashx"
"captcha_0943.jpg","2295","100","40","2a0d2b0abed1b793f9c507d43dc7dfe39eb8c2c8711ee8b325112c574d735476","2026-09-12T08:27:31.7296389Z","https://ezpost.post.gov.tw/Captcha.ashx"
"captcha_0944.jpg","2344","100","40","a7138a8215f21de85121f243c7ad6cc252b7eb344fef630eb0157ed25ff5e268","2026-09-12T08:27:31.9595665Z","https://ezpost.post.gov.tw/Captcha.ashx"
"captcha_0945.jpg","2377","100","40","e3aebac333df732ac9d44cbdc419652abe47910124b7a695ed4fe96eaae6b4d0","2026-09-12T08:27:32.1782499Z","https://ezpost.post.gov.tw/Captcha.ashx"
"captcha_0946.jpg","2422","100","40","af5bdeb2a40c63e6adfc1a66b598961180add18ccf96f0babce3940e51b14ec3","2026-09-12T08:27:32.3950348Z","https://ezpost.post.gov.tw/Captcha.ashx"
"captcha_0947.jpg","2315","100","40","2f4626a9c939093aaee16ff1df228a80e96f000fdf91a61cb9371ff60a25f57f","2026-09-12T08:27:32.6119803Z","https://ezpost.post.gov.tw/Captcha.ashx"
"captcha_0948.jpg","2394","100","40","52061cd327551dda58aa6422829aac7c0d732c1c2d7cde7532250e1f998812b5","2026-09-12T08:27:32.8347184Z","https://ezpost.post.gov.tw/Captcha.ashx"
"captcha_0949.jpg","2438","100","40","23b6acd78b54e3a6307b476d14aeeafa51a0d19946fa51528bbb54eb117d851d","2026-09-12T08:27:33.0513006Z","https://ezpost.post.gov.tw/Captcha.ashx"
"captcha_0950.jpg","2518","100","40","337be5819045d316ad2161005583305c8ca737cc06f30c6340ebeccc7f256b18","2026-09-12T08:27:33.2726733Z","https://ezpost.post.gov.tw/Captcha.ashx"
"captcha_0951.jpg","2356","100","40","2d7f5e67e52fff0253916d70cce90a2cdfd33acb4dc334d93434b68813b7b530","2026-09-12T08:27:33.5283302Z","https://ezpost.post.gov.tw/Captcha.ashx"
"captcha_0952.jpg","2334","100","40","bb6c2c3b16016e901b4ebe8c916fff355a3bd5263758308ce8357de8f8eeb301","2026-09-12T08:27:33.7615890Z","https://ezpost.post.gov.tw/Captcha.ashx"
"captcha_0953.jpg","2385","100","40","124eeb990b505c5d76e53fabcb10add101cc8a72320985d4142e6e3edb8a990d","2026-09-12T08:27:33.9915985Z","https://ezpost.post.gov.tw/Captcha.ashx"
"captcha_0954.jpg","2436","100","40","6619bd488ee084f06c5dee296dabf6e8d6ba3dfde87fcbd6d4bdd70b2d30d262","2026-09-12T08:27:34.2104136Z","https://ezpost.post.gov.tw/Captcha.ashx"
"captcha_0955.jpg","2344","100","40","e2954b48ffd1182028211810a53d7b299a406a6e3cac0234fcd57a1571264e46","2026-09-12T08:27:34.4689559Z","https://ezpost.post.gov.tw/Captcha.ashx"
"captcha_0956.jpg","2544","100","40","c6f166a7993cd9e04470131597381a4cac4747da3c1e55674134be51c5e5cd18","2026-09-12T08:27:34.7423682Z","https://ezpost.post.gov.tw/Captcha.ashx"
"captcha_0957.jpg","2504","100","40","94ce1b7680268c860718af35626c6b8c7d700331381b54182fa98c84455f6c0a","2026-09-12T08:27:34.9614737Z","https://ezpost.post.gov.tw/Captcha.ashx"
"captcha_0958.jpg","2336","100","40","de2e46c66656ffa77b0c55de2fdc8b6572d4e496e46fc9306720076597b4a923","2026-09-12T08:27:35.1857560Z","https://ezpost.post.gov.tw/Captcha.ashx"
"captcha_0959.jpg","2566","100","40","94fd584aecb62de18daa55496ef28090e837f17715200af97036de602a6ae1d0","2026-09-12T08:27:35.4051181Z","https://ezpost.post.gov.tw/Captcha.ashx"
"captcha_0960.jpg","2397","100","40","d04ddb85eed764668e53b4e662e61c0c92ae788565057ca54b2f04b598494c5d","2026-09-12T08:27:35.6228826Z","https://ezpost.post.gov.tw/Captcha.ashx"
"captcha_0961.jpg","2395","100","40","486d413d26c638cd077defa746f331f3519f9b206ebfc75203d697f7625cc590","2026-09-12T08:27:35.8440875Z","https://ezpost.post.gov.tw/Captcha.ashx"
"captcha_0962.jpg","2458","100","40","ddbb43e16606bbc17031c9babc543b747daf36cf57791962ea49122543e1c866","2026-09-12T08:27:36.0678733Z","https://ezpost.post.gov.tw/Captcha.ashx"
"captcha_0963.jpg","2330","100","40","cc7117459c51af866272f6913863be431ad3f6bca0005dbabd8cb6e3f93fee17","2026-09-12T08:27:36.3130366Z","https://ezpost.post.gov.tw/Captcha.ashx"
"captcha_0964.jpg","2976","100","40","08cde0c01331ed7ea22ceee2c137d940b87cb70d510ba87ebe34fee9e9606e2a","2026-09-12T08:27:36.5871659Z","https://ezpost.post.gov.tw/Captcha.ashx"
"captcha_0965.jpg","2412","100","40","e65b268f73ef5362c7c15ded630f20b87209abdabc3489d32092177ae8a4fded","2026-09-12T08:27:36.8039216Z","https://ezpost.post.gov.tw/Captcha.ashx"
"captcha_0966.jpg","2583","100","40","dca1bae72d8e2dddfa239a60da7ac91910573e93d7316d9fc062fb96bd14b4e9","2026-09-12T08:27:37.0283414Z","https://ezpost.post.gov.tw/Captcha.ashx"
"captcha_0967.jpg","2980","100","40","9bee1d1d5114aa9e6788553718f38880f691418f4410517cec85d88eef3624d9","2026-09-12T08:27:37.2563822Z","https://ezpost.post.gov.tw/Captcha.ashx"
"captcha_0968.jpg","2381","100","40","9509ca1fdbe09366c51cdd6208285a19fad2d54aae60883ce7f979a6c48f4beb","2026-09-12T08:27:37.5028450Z","https://ezpost.post.gov.tw/Captcha.ashx"
"captcha_0969.jpg","2580","100","40","3454726a8d9c828858974bda26b7810364eb9a1eacd02d9c9f56684425234436","2026-09-12T08:27:37.7614042Z","https://ezpost.post.gov.tw/Captcha.ashx"
"captcha_0970.jpg","2642","100","40","f3460829eb25c037733eccee26349f45a9bb602fff10532def087d61cfeddb05","2026-09-12T08:27:37.9983841Z","https://ezpost.post.gov.tw/Captcha.ashx"
"captcha_0971.jpg","2492","100","40","cc2885c14b3ebdbf6a906c610098061fb66d818461edf425cc1f56f18c3ab232","2026-09-12T08:27:38.2342737Z","https://ezpost.post.gov.tw/Captcha.ashx"
"captcha_0972.jpg","2414","100","40","4878734b7b7e731c4f0203a04375f8b98609975e749080f94f1e93e113e13e91","2026-09-12T08:27:38.4575443Z","https://ezpost.post.gov.tw/Captcha.ashx"
"captcha_0973.jpg","2515","100","40","ff621e5f0efdd25ea9c30f322d41db7445c638ca2f6f83ea1801f216e2236cec","2026-09-12T08:27:38.6802094Z","https://ezpost.post.gov.tw/Captcha.ashx"
"captcha_0974.jpg","2604","100","40","5b4038836075cdc8e254c8f431904104934137d475a10d35f44d170e731bf8e2","2026-09-12T08:27:38.8967460Z","https://ezpost.post.gov.tw/Captcha.ashx"
"captcha_0975.jpg","2764","100","40","85cad434e9220f96dab6a82313c2f310d80844b5ed07b212c2884f07307d8158","2026-09-12T08:27:39.1180235Z","https://ezpost.post.gov.tw/Captcha.ashx"
"captcha_0976.jpg","2317","100","40","c8cddbfb0dd6402ff1a1fed6d319c4cbcf71b37e2b09832d5c9b1397f61cd538","2026-09-12T08:27:39.3534179Z","https://ezpost.post.gov.tw/Captcha.ashx"
"captcha_0977.jpg","2441","100","40","5a9145cbb8bc5555c212e8036c5e967339aba187a4b762b45ca1feaebab7e04d","2026-09-12T08:27:39.6212952Z","https://ezpost.post.gov.tw/Captcha.ashx"
"captcha_0978.jpg","2338","100","40","f2f00a7c146397e7871a71408a7856c00007dec98e6394279f74f73fa6a93f76","2026-09-12T08:27:39.8481023Z","https://ezpost.post.gov.tw/Captcha.ashx"
"captcha_0979.jpg","2308","100","40","a661a72569ab653304d4f4f323b589e4c9a39a3473269f29faad4c4668d3ab65","2026-09-12T08:27:40.0890282Z","https://ezpost.post.gov.tw/Captcha.ashx"
"captcha_0980.jpg","2405","100","40","12529fed5280c79ffb938611b4b05e867bd89de2966fbc4e620dce3f897c2efa","2026-09-12T08:27:40.3155304Z","https://ezpost.post.gov.tw/Captcha.ashx"
"captcha_0981.jpg","2777","100","40","ce5df951c28634aaef1e226f07b8aff5c74f216045cf1778619c51af87f79b3e","2026-09-12T08:27:40.5366327Z","https://ezpost.post.gov.tw/Captcha.ashx"
"captcha_0982.jpg","2326","100","40","af195a9f03ea0ec08dd5a7a772f0c5091b1140f0631b1409936d66dd2572e7f6","2026-09-12T08:27:40.7583637Z","https://ezpost.post.gov.tw/Captcha.ashx"
"captcha_0983.jpg","2212","100","40","7f6b40e9390c49be3f982ef7686dbbe9605ccf8ea56f3bc6433e24ef8446f3b1","2026-09-12T08:27:40.9740827Z","https://ezpost.post.gov.tw/Captcha.ashx"
"captcha_0984.jpg","2388","100","40","f0f8ed4a7feac1d1dcee78f4ada4db4d717556eda2d61b2bae2df665b86406c2","2026-09-12T08:27:41.1947745Z","https://ezpost.post.gov.tw/Captcha.ashx"
"captcha_0985.jpg","2374","100","40","700949e11cd30febe6160d71a109cdb50c3b4b896c62c92fcde18f2df2bfdb2a","2026-09-12T08:27:41.4245092Z","https://ezpost.post.gov.tw/Captcha.ashx"
"captcha_0986.jpg","2442","100","40","365f447ffb18d7713aae9da0ac3cae87affc344b2f40dd3549bb25fab849ae14","2026-09-12T08:27:41.6442460Z","https://ezpost.post.gov.tw/Captcha.ashx"
"captcha_0987.jpg","2747","100","40","991b89c690ec2ec68a7ae605df0a71a85621cd7b1a546d65220b571b430cc9eb","2026-09-12T08:27:41.8671995Z","https://ezpost.post.gov.tw/Captcha.ashx"
"captcha_0988.jpg","2348","100","40","44da672a7b0ff4efa3ebce8341a8ed3f03213de00f1bf99693aafe4075e84de6","2026-09-12T08:27:42.0999504Z","https://ezpost.post.gov.tw/Captcha.ashx"
"captcha_0989.jpg","2860","100","40","42569a56612e534f934c334e6b22cb5b3c139f633167392171c4d5f3421e3a2c","2026-09-12T08:27:42.3208169Z","https://ezpost.post.gov.tw/Captcha.ashx"
"captcha_0990.jpg","2894","100","40","7482eba22f9f134a967a5f2a8e2cc1e6d8e256d83df6a7e3d7fd9f449b52cf66","2026-09-12T08:27:42.5418405Z","https://ezpost.post.gov.tw/Captcha.ashx"
"captcha_0991.jpg","2401","100","40","b06f9f8a97390b1b56acad3a64a565266c77939a87d87b11be82d7503f59d514","2026-09-12T08:27:42.7732408Z","https://ezpost.post.gov.tw/Captcha.ashx"
"captcha_0992.jpg","2339","100","40","df17877e049b5e97f9274109b51d42a58a84c3b517dccf53166c88a51f1a19a2","2026-09-12T08:27:42.9934208Z","https://ezpost.post.gov.tw/Captcha.ashx"
"captcha_0993.jpg","2409","100","40","3bd2e8ed983e95cb5bfa0bd8533fbf80e08fd010f23fc8c8ca3adbd35b4f9659","2026-09-12T08:27:43.2154402Z","https://ezpost.post.gov.tw/Captcha.ashx"
"captcha_0994.jpg","2404","100","40","51d7f5d0584d5275952047ac564256a4f4bc51cbf09c4f8d52a91379f92bc429","2026-09-12T08:27:43.4334094Z","https://ezpost.post.gov.tw/Captcha.ashx"
"captcha_0995.jpg","2629","100","40","f8c09d7da04d1f8762237c3e23565f5a2bac7ad4702f47b406861749c0a27e1c","2026-09-12T08:27:43.6654757Z","https://ezpost.post.gov.tw/Captcha.ashx"
"captcha_0996.jpg","2421","100","40","f807127ff2ef248b6b4500a99eefe14f3d9116fe2c8fc190de22b9d030bf0fba","2026-09-12T08:27:43.8878135Z","https://ezpost.post.gov.tw/Captcha.ashx"
"captcha_0997.jpg","2403","100","40","8282cd99370b28ab231453bf3ab1f0bae92e1d29bd7c6a007e8c0c821765c4ab","2026-09-12T08:27:44.1069550Z","https://ezpost.post.gov.tw/Captcha.ashx"
"captcha_0998.jpg","2473","100","40","7f4e433129df410f0f628e2366d10157385ddf950abf2b667f7419d4614dac64","2026-09-12T08:27:44.3372429Z","https://ezpost.post.gov.tw/Captcha.ashx"
"captcha_0999.jpg","2328","100","40","40ee2d1a210e996873619fed49f6b8f40c9bc02ee4fd7e0ad50a3cf11c9bd311","2026-09-12T08:27:44.5565564Z","https://ezpost.post.gov.tw/Captcha.ashx"
"captcha_1000.jpg","2310","100","40","764cc076c43c098afaa4e43547e5cd9ce6cbbfe45354be702ad0f6750d56b3f7","2026-09-12T08:27:44.7738371Z","https://ezpost.post.gov.tw/Captcha.ashx"
